,小区名称,小区平均关注度
0,O纪元,7.0
1,一方大厦,73.33333333333333
2,一清新村,30.666666666666668
3,丁桥东兰轩,24.0
4,丁桥兰苑,13.222222222222221
5,丁桥大唐苑,21.166666666666668
6,丁桥家苑,9.5
7,丁桥景园北苑,96.0
8,丁桥景园南苑,8.666666666666666
9,丁桥颐景园,12.0
10,丁衙巷,9.0
11,丁香紫庭,1.0
12,七古登市教委宿舍,40.0
13,万乐园,7.0
14,万乐西园,5.25
15,万众名府,6.0
16,万华茗楼,1.0
17,万向城市花园,27.714285714285715
18,万和国际,12.714285714285714
19,万和玺园,13.4
20,万塘路300号,56.0
21,万安城市花园东苑,18.0
22,万安城市花园南苑,13.0
23,万安城市花园西苑,40.5
24,万安景月湾,8.0
25,万安秀水山庄,5.3076923076923075
26,万宝城,19.08
27,万家星城一期,15.25
28,万家星城三期,20.526315789473685
29,万家星城二期,12.0
30,万家花园万和苑,10.75
31,万家花园家和苑,11.4
32,万家花园欣和苑,21.625
33,万家花城一期,20.8
34,万家花城二期,51.9
35,万星碧云天公寓,2.5
36,万松岭路80号,5.0
37,万泰华庭,3.5714285714285716
38,万泰城章,14.521739130434783
39,万泰新语,22.0
40,万盛商贸城公寓,10.5
41,万科中央公园,114.0
42,万科公园大道,12.625
43,万科公望,7.875
44,万科劝学里,17.833333333333332
45,万科北宸之光一期,24.05
46,万科北宸之光三期拱宸,24.692307692307693
47,万科北宸之光二期,19.375
48,万科名城博园,11.173913043478262
49,万科君望,10.733333333333333
50,万科坤和玉泉,52.93333333333333
51,万科城市之光,17.11764705882353
52,万科大家世纪之光,20.1
53,万科大家九都会,7.444444444444445
54,万科大家钱塘府,51.666666666666664
55,万科大溪谷,4.75
56,万科容大金色家园,4.909090909090909
57,万科富春泉水湾,9.142857142857142
58,万科星空,27.571428571428573
59,万科智谷,0.0
60,万科未来之光,34.0
61,万科未来城三期梦溪里,40.111111111111114
62,万科未来城二期,21.238095238095237
63,万科杭宸一期,8.5
64,万科杭宸二期,14.0
65,万科桂语里,146.0
66,万科海上明月,54.76923076923077
67,万科溪望,10.25
68,万科玖望,2.888888888888889
69,万科璞悦湾,12.75
70,万科紫台,22.4
71,万科缦云坊,7.466666666666667
72,万科良渚文化村堂前,61.0
73,万科良渚文化村未来城,8.642857142857142
74,万科良渚文化村秋荷坊,17.8
75,万科草庄,12.222222222222221
76,万科融信西雅图,45.0
77,万科西庐一期,16.88888888888889
78,万科西庐二期,10.6
79,万科逸天广场,10.257142857142858
80,万科郡西澜山,20.933333333333334
81,万科金色城品,2.0
82,万科金辰之光,20.733333333333334
83,万科魅力之城,43.04761904761905
84,万美摩登中心,58.0
85,万象城悦府,21.0
86,万象城悦玺,29.285714285714285
87,万通中心,6.0
88,万通时尚公馆,30.416666666666668
89,万都晶座,40.0
90,万锦山庄,9.0
91,万陈花苑,13.75
92,万隆公寓,0.0
93,万马伊顿庄园,12.142857142857142
94,万马樱花公馆,8.090909090909092
95,万马路19号,2.5
96,三华园,6.666666666666667
97,三塘人家,12.0
98,三塘兰园,32.5
99,三塘北村,33.916666666666664
100,三塘南村,16.142857142857142
101,三塘柳园,5.0
102,三塘桂园,28.571428571428573
103,三塘桃园,23.444444444444443
104,三塘樱园,11.0
105,三塘汶园,18.333333333333332
106,三塘沁园,17.8
107,三塘竹园,2.5
108,三塘高层公寓,31.25
109,三墩景溪北苑,39.666666666666664
110,三墩景溪南苑,45.0
111,三墩美都公寓,7.0
112,三墩颐景园,7.5
113,三宝新村,8.777777777777779
114,三槐里,0.0
115,三水一生,18.130434782608695
116,三江新村,9.833333333333334
117,三江花园(萧山),13.8
118,三江花园道壹号,7.0
119,三江鸣翠桃源,5.739130434782608
120,三江鸣翠蓝湾,16.16216216216216
121,三盛颐景御园,30.0
122,三联嘉苑,11.8
123,三花国际大厦,8.0
124,三里亭一区,7.444444444444445
125,三里亭苑三区,27.0
126,三里亭苑二区,9.5
127,三里亭苑四区,22.77777777777778
128,三里家园一区,12.636363636363637
129,三里家园三区,28.0
130,三里家园二区,14.3
131,三里新城兰苑,7.380952380952381
132,三里新城桂苑,22.615384615384617
133,三里新城橘苑,5.333333333333333
134,三里新城竹苑,23.666666666666668
135,三里新城荷苑,11.666666666666666
136,上亿中央郡,13.666666666666666
137,上八界巷2-6号,27.0
138,上宁新村,3.6
139,上实海上海一期,22.88888888888889
140,上尚庭,29.4
141,上岛公馆,63.0
142,上林湖,6.875
143,上水陆寺巷,11.25
144,上沙锦湖家园,41.0
145,上焦营巷,2.0
146,上郡,4.6
147,上陈家园,7.0
148,下宁巷,3.75
149,下沙幸福雅苑,106.25
150,下沙文汇苑,20.333333333333332
151,下沙铭都雅苑,30.0
152,世嘉君座,20.058823529411764
153,世嘉铭座,13.5
154,世纪嘉园,25.4
155,世纪嘉园晴彩巴厘,13.884615384615385
156,世纪坊,19.666666666666668
157,世纪广场小区,20.0
158,世纪新城东区,41.5
159,世纪新城西区,25.875
160,世纪晶钻,8.5
161,世纪都市雅苑,35.5
162,世茂东壹号,11.0
163,世茂之西湖,13.354166666666666
164,世茂智慧之门,11.25
165,世茂江滨商业中心,18.906666666666666
166,世茂江滨花园峻景湾,21.7027027027027
167,世茂江滨花园瑞景湾,17.2
168,世茂江滨花园碧景湾,17.3
169,世茂钱塘天誉,35.0
170,世贸丽晶城,10.0
171,世贸丽晶城欧美中心,14.5
172,东亚新干线,10.0
173,东信莱茵园,23.75
174,东冠逸家,27.0
175,东冠逸景花苑,45.0
176,东华苑,2.0
177,东南钱江蓝湾,17.636363636363637
178,东原印未来,20.0
179,东原旭辉璞阅,2.0
180,东厦东港花苑,22.03125
181,东吴商城,1.0
182,东和云第,16.25925925925926
183,东和时代,5.2
184,东哲云邸,0.0
185,东园小区,34.22222222222222
186,东园巷,4.0
187,东城丽景,26.483870967741936
188,东城印象公寓,31.5
189,东安景苑,10.666666666666666
190,东小河公寓,6.222222222222222
191,东山花苑,8.0
192,东新关,31.4
193,东新园东荷星苑,9.0
194,东新园孚信苑,9.714285714285714
195,东新园新湖苑,23.5
196,东新园望景苑,9.0
197,东新园茗盛苑,12.125
198,东新园雪峰苑,24.09090909090909
199,东新府,8.75
200,东方一号,1.0
201,东方一品公寓,42.125
202,东方丽都花苑,4.25
203,东方俊园,21.666666666666668
204,东方君悦,21.142857142857142
205,东方商务会馆,6.866666666666666
206,东方御府,11.25
207,东方文化园步行街,19.375
208,东方新村,7.0
209,东方时代中心,7.5
210,东方水岚佳苑,7.142857142857143
211,东方润园,46.0
212,东方福邸,22.5
213,东方豪园,7.333333333333333
214,东方铭楼,15.0
215,东日晴好,58.0
216,东旸桥公寓,8.333333333333334
217,东晖龙悦湾,10.952380952380953
218,东河锦园,5.333333333333333
219,东海·闲湖城,8.857142857142858
220,东海未名园,14.421052631578947
221,东海柠檬郡,7.0344827586206895
222,东海水景城,20.476190476190474
223,东海水漾人家,14.272727272727273
224,东海花园,21.4
225,东海闲湖城印象加州,28.5
226,东润枫华,18.8
227,东清大厦,22.666666666666668
228,东清巷,61.0
229,东港嘉苑二区,100.0
230,东湖中路175号,16.2
231,东湖中路92号,2.4
232,东湖公寓,24.0
233,东田怡丰城,19.142857142857142
234,东田擎天半岛,16.2
235,东田玉城,34.416666666666664
236,东石塘,9.0
237,东茂苑,18.428571428571427
238,东藩小区,2.3333333333333335
239,东裕华庭,16.93103448275862
240,东都公寓,26.444444444444443
241,东都府,0.0
242,东门公寓,5.111111111111111
243,丝织弄59号,87.0
244,严官巷,31.0
245,严村里,5.0
246,严衙弄,23.5
247,中交悦西溪,13.0
248,中企艮山府,20.0
249,中光花园,2.6
250,中兴.金盛苑,2.0
251,中兴九洲芳园,13.083333333333334
252,中兴公寓,10.5
253,中兴和园,34.073170731707314
254,中兴御田清庭,25.666666666666668
255,中兴文都苑,17.666666666666668
256,中兴花园,16.27777777777778
257,中兴花园百合苑,44.57142857142857
258,中冶锦绣华府,17.166666666666668
259,中北花园,7.75
260,中北西子花园,8.0
261,中南公寓,23.25
262,中南樾府,52.0
263,中南白马湖壹号,7.888888888888889
264,中和北宸府,14.5
265,中园花苑,5.0
266,中国铁建保利像素,24.68421052631579
267,中国铁建国际城,6.142857142857143
268,中国铁建江南国际城,12.909090909090908
269,中国铁建西湖国际城,9.785714285714286
270,中国铁建青秀城,15.5
271,中城汇MIDTOWN,18.333333333333332
272,中大凤栖花园,33.333333333333336
273,中大文锦苑,5.8
274,中天·富春诚品北区,5.363636363636363
275,中天万科启宸,0.8611111111111112
276,中天之江诚品,16.5625
277,中天九溪诚品,27.22222222222222
278,中天官河锦庭,14.65
279,中天富春诚品,3.6363636363636362
280,中天珺府,7.42
281,中天西城纪,19.166666666666668
282,中奥江锦国际,8.25
283,中尚橄榄树花园（北区）,12.0
284,中尚橄榄树花园（南区）,8.909090909090908
285,中山中路,48.0
286,中山中路312-404号,7.0
287,中山北园,23.166666666666668
288,中山北路123号,16.0
289,中山北路小区,21.5
290,中山御庭,73.0
291,中山花园,7.8
292,中山苑,56.0
293,中山路12-3号,17.0
294,中庆润泽院,3.2142857142857144
295,中惠家园,28.0
296,中意名仕苑,14.5
297,中新御景湾,14.222222222222221
298,中旅城仕公馆,12.4
299,中旅紫金名门,35.64705882352941
300,中栋国际,15.538461538461538
301,中梁百悦城,16.31578947368421
302,中水花苑,0.6666666666666666
303,中江花园,30.571428571428573
304,中沙东岸嘉园一区,20.4
305,中沙东岸嘉园三区,5.0
306,中沙东岸嘉园二区,58.0
307,中河中路,4.0
308,中海定山府,15.5
309,中海御道,16.181818181818183
310,中海紫藤苑,15.083333333333334
311,中海西溪华府,20.565217391304348
312,中海金溪园,11.5
313,中海钱塘山水,18.76
314,中港罗兰小镇,11.25
315,中粮云涛名苑,7.071428571428571
316,中粮方圆府,33.09090909090909
317,中粮方圆金街,2.5
318,中粮梦栖祥云,58.8
319,中融城市花园,11.0
320,中誉万豪广场,23.7
321,中誉现代城,16.321428571428573
322,中豪七格,4.351351351351352
323,中豪四季公馆,11.368421052631579
324,中豪国际,10.2
325,中豪晴园,23.0
326,中豪湘和国际,0.0
327,中赢云际,2.3076923076923075
328,中赢康康谷,13.487804878048781
329,中赢时代风景,5.6
330,中都广场,3.6666666666666665
331,中铁九逸,10.023255813953488
332,中铁诺德雅逸府,11.0
333,中骏.骏澜湾,0.5
334,中骏柏景湾,5.6
335,丰乐公寓,0.0
336,丰家兜12号,73.0
337,丰梅路10-21号,43.666666666666664
338,丰泽苑(临安),1.3333333333333333
339,丰泽苑(富阳),2.0
340,丰禾巷,11.0
341,丰隆百翘香江,10.380952380952381
342,临东家园,60.142857142857146
343,临东小区,13.5
344,临云山庄,27.5
345,临和家苑北区,1.5
346,临城花苑,16.0
347,临天七弄,32.0
348,临天九弄,3.3333333333333335
349,临天八弄31号,13.0
350,临天十弄,5.0
351,临天路2065号,4.0
352,临天路一弄,3.5
353,临安人家,8.909090909090908
354,临安商城,12.0
355,临安大厦,5.0
356,临平山庄,36.25
357,临平桂花城北区,19.944444444444443
358,临平桂花城南区,8.0
359,临水路,9.0
360,临水路42-48号,0.0
361,临水路62-68号,48.0
362,临水路78-86号,1.0
363,临江佳苑,7.714285714285714
364,临江时代花苑,10.833333333333334
365,临江花园,24.10810810810811
366,临江风帆公寓,15.5
367,临浦临水苑,14.75
368,临浦景泰公寓,2.5
369,临溪佳苑,18.0
370,临雅苑,1.5
371,丹枫新村,22.5
372,丹桂公寓,52.0
373,丽华公寓,28.0
374,丽景西苑,29.5
375,丽晶国际,14.7
376,丽晶湾,3.5
377,丽江公寓,58.75
378,丽都公寓,1.6666666666666667
379,丽阳苑,5.25
380,久睦苑,50.84615384615385
381,义井巷,5.0
382,义新街,7.0
383,义桥商贸中心,25.0
384,义桥金属材料市场,0.0
385,义蓬中路,5.0
386,义蓬购物中心,8.666666666666666
387,之江之芯,1.0
388,之江九里,19.095238095238095
389,之江公寓,13.333333333333334
390,之江富城,77.0
391,之江绿洲嘉园,33.0
392,之江花园,35.0
393,之江铭楼,18.428571428571427
394,乌龙巷,33.0
395,乐山嘉苑,24.0
396,乐汇城,7.793103448275862
397,乐淘城,8.714285714285714
398,乐苑小区,3.6
399,乔司商贸苑,29.444444444444443
400,九堡东方公寓,6.0
401,九堡明珠公寓,31.0
402,九州星座,6.5
403,九悦江南,13.0
404,九曲营小区,20.90909090909091
405,九月庭院,7.9
406,九月森林,70.375
407,九树公寓,84.0
408,九浪山花园,22.666666666666668
409,九溪民航宿舍,3.0
410,九溪玫瑰园,54.0
411,九莲新村,14.88888888888889
412,九衡公寓,12.5
413,九豪庄园,1.6666666666666667
414,九龍一號,9.0625
415,九龙仓世纪华府,3.8
416,九龙仓君廷,11.235294117647058
417,九龙仓君玺,2.0
418,九龙仓珑玺,27.428571428571427
419,九龙仓碧玺,31.53846153846154
420,九龙仓雍景山,14.267857142857142
421,九龙公寓,14.5
422,九龙山庄,14.5
423,书林苑,8.0
424,乾成园,47.285714285714285
425,二凉亭,4.666666666666667
426,二圣庙前,4.0
427,二棉路,8.0
428,云亭公寓,3.0
429,云厦连园,15.0
430,云栖蝶谷,29.5
431,云水山居,12.716981132075471
432,云水湾,7.4
433,云河大厦,8.0
434,云河福邸,28.625
435,云溪印象,21.0
436,云溪新语,35.666666666666664
437,云溪香山,26.551724137931036
438,云裳公寓,13.0
439,云雀苑,184.0
440,云龙公寓,25.833333333333332
441,云龙十一景,10.6
442,五一新村,104.0
443,五圣堂,1.0
444,五月花城,13.545454545454545
445,五月香山,10.133333333333333
446,五洋东湖春天,21.0
447,五洋嘉景苑,4.0
448,五洋运河人家,8.5
449,五洲国际广场,36.75
450,五福里,131.0
451,五里塘苑,57.666666666666664
452,井泉苑,12.142857142857142
453,亚洲城花园,24.555555555555557
454,交通宿舍,0.0
455,京惠花园,6.375
456,京明凤凰家园,11.5
457,京港国际,19.0
458,京都苑,26.2
459,亲亲家园一期,51.625
460,亲亲家园三期,37.666666666666664
461,亲亲家园二期,28.705882352941178
462,亲亲家园四期,38.92307692307692
463,亲仁里,12.666666666666666
464,亲和家园,11.0
465,人和家园,44.375
466,人民路1051号,68.0
467,人民路10号,12.666666666666666
468,人民路19号(西兴路),29.0
469,人民路203号,2.0
470,人民路23号,28.666666666666668
471,人民路66号,1.0
472,亿丰蔚蓝郡,34.470588235294116
473,仁合银庭,10.666666666666666
474,仁和金鼎公寓,11.666666666666666
475,仁寿山,18.166666666666668
476,仁惠家园,12.0
477,仁苑,12.0
478,今日嘉园,1.0
479,仓乐雅苑,9.5
480,仓基新村,3.2857142857142856
481,仓溢绿苑,7.666666666666667
482,仙林苑,12.0
483,伊世纪城市花园,10.6
484,伊世纪城市花园一区,9.0
485,伊甸山庄,49.625
486,伊萨卡国际城排屋,16.0
487,伊萨卡国际城浩泽园,16.0
488,伊萨卡国际城绮风园,17.5
489,伊萨卡国际城鹭江园,18.125
490,众孚水榭花都,4.375
491,众安嘉润公馆（杭州国际办公中心）,16.846153846153847
492,众安国泰花园,15.1875
493,众安学君里,19.833333333333332
494,众安山水苑一期,5.333333333333333
495,众安景海湾,16.703703703703702
496,众安朝阳8号,16.25
497,众安理想湾,13.5
498,众安白马山庄,54.285714285714285
499,众安白马御府,17.8
500,众安花园,4.0
501,会馆弄18号,2.0
502,佑圣观路38号,14.0
503,佑圣观路44号,24.0
504,体育场路178-418号,25.0
505,体育场路2-70号,6.666666666666667
506,体育场路470号,3.0
507,体育场路71-176号,36.714285714285715
508,余之城,14.166666666666666
509,余官巷,14.0
510,佳丰北苑,0.0
511,佳兆业君汇上品,27.285714285714285
512,佳兆业玖珑山,28.166666666666668
513,佳兆业西溪璞园,11.384615384615385
514,佳合苑,1.5
515,佳境天城人合苑,15.142857142857142
516,佳境天城佳合苑,24.071428571428573
517,佳境天城境合苑,33.55555555555556
518,佳境天城天合苑,74.0
519,佳境天城成合苑,32.0
520,佳居园,4.0
521,佳源优优锦城,6.357142857142857
522,佳源名城,7.0
523,佳源未来府,12.8
524,佳源西溪印象,12.0
525,佳维新苑,12.0
526,佳肴弄,11.333333333333334
527,依锦苑,14.0
528,保亿丽景山,7.852941176470588
529,保亿风景晨园,5.611111111111111
530,保亿风景蝶院观园,34.26923076923077
531,保亿麓语湖苑,0.4032258064516129
532,保俶北路101号,0.0
533,保俶北路82号,61.666666666666664
534,保俶北路90号,15.0
535,保俶北路99号,2.0
536,保俶路,27.125
537,保俶路91号,25.0
538,保健路,2.0
539,保健路138-170号,75.0
540,保利东湾,19.895522388059703
541,保利中央公馆,21.571428571428573
542,保利城市果岭,10.864864864864865
543,保利梧桐语,15.857142857142858
544,保利江语海,14.612244897959183
545,保利湾天地,22.273972602739725
546,保利湾天地二期,10.890625
547,保利滨江上品,82.0
548,保利玫瑰湾,9.0
549,保利罗兰香谷,19.25
550,保利融信大国璟,31.5
551,保利霞飞郡,15.727272727272727
552,保利香槟国际,25.333333333333332
553,保安桥河下,15.75
554,信义坊,71.8
555,信余里,16.833333333333332
556,信步闲庭,4.0
557,信融御金台,62.0
558,信达柳郡,9.0
559,信鸿花园北区,7.111111111111111
560,信鸿花园南区,4.8
561,候潮公寓,8.0
562,倾城之恋,35.63636363636363
563,假山新村,3.0
564,假山路5弄,3.0
565,健康公寓,4.0
566,元成东盛家园,23.444444444444443
567,元成时代中心,7.777777777777778
568,元都新景公寓,8.4
569,元都新苑,28.333333333333332
570,光复路146-186号,12.0
571,光明尚海湾,25.23076923076923
572,光明逸品春江,1.6956521739130435
573,光辉岁月,21.75
574,克拉公馆,14.5
575,八丈井新村,5.142857142857143
576,八卦新村,42.0
577,公元名家,3.5
578,公元沐桥,17.0
579,公园城,5.7272727272727275
580,公园家南区,8.368421052631579
581,公望金钰府,4.0
582,六和源,8.0
583,六圣堂,10.0
584,六塘公寓,45.857142857142854
585,六眼井,30.4
586,兰庭国际,12.5
587,兰惠家园,12.0
588,兰韵天城,38.3
589,兴和公寓,12.0
590,兴安公寓,39.0
591,兴惠家园,0.0
592,兴泰花苑,28.6
593,兴盛花园,51.833333333333336
594,兴耀星悦湾,24.272727272727273
595,兴耀鑫都汇,5.08
596,兴财名都苑,6.25
597,农业厅第三住宅区,118.0
598,农机总站宿舍,10.666666666666666
599,农港苑,59.166666666666664
600,冠宇隽园,12.333333333333334
601,冠山小区,26.25
602,冠苑小区,4.214285714285714
603,凤亭院,29.666666666666668
604,凤仪家园,23.8
605,凤凰北苑,8.222222222222221
606,凤凰南苑,9.909090909090908
607,凤凰城广场,28.8
608,凤城花苑,3.3333333333333335
609,凤山新村,2.0
610,凤山花苑,5.6
611,凤浦小区,8.5
612,凤溪花苑,6.0
613,凤溪路211号,23.666666666666668
614,凤起商务大厦,74.0
615,凤起桥河下,39.0
616,凤起苑,28.2
617,凤起都市花园,14.2
618,凤鸣苑,12.0
619,凯丽晶座,20.285714285714285
620,凯喜雅锦河湾,10.0
621,凯德湖墅,8.5
622,凯德视界,19.0
623,凯悦花园,7.25
624,凯文和平雅苑,3.6666666666666665
625,凯文杭庄,15.5
626,凯旋新村,2.4
627,凯旋路104号,26.0
628,凯旋路112号,26.666666666666668
629,凯旋路166号,52.0
630,凯旋路168号,3.0
631,凯旋路184号,11.0
632,凯林巷,1.0
633,凯瑞金座,4.25
634,刀茅巷173-178号,11.0
635,刀茅巷20-79号,79.0
636,创世邸,23.4
637,创客空间大厦,5.5
638,利二花苑,8.0
639,利兹城市公寓,4.0
640,前新福苑,6.0
641,前湾国际社区,5.0
642,力达易居时代,15.0
643,劳动路,25.0
644,劳工弄,10.5
645,勤丰小区,3.2
646,勤俭弄,2.0
647,勾庄佳苑,26.666666666666668
648,化纤新村,0.6666666666666666
649,北国之春人家,10.0
650,北城枫景园,35.57142857142857
651,北城芳满庭,3.0
652,北城铭苑,9.6
653,北大街,212.0
654,北大资源未名府,29.214285714285715
655,北干一苑,26.11764705882353
656,北干二苑,18.142857142857142
657,北干二苑新安寓,18.076923076923077
658,北干山南路37号,4.0
659,北庙北弄,33.8
660,北景园月桂苑,45.75
661,北景园水镜苑,19.0
662,北景园竹邻苑,11.444444444444445
663,北景园紫荆苑,21.2
664,北景园芳洲苑,16.09090909090909
665,北景园荷风苑,29.166666666666668
666,北景园莲趣苑,89.5
667,北景园菊香苑,11.454545454545455
668,北润家园,6.2
669,北湖绿洲花园,5.1
670,北秀向阳苑南区,8.5
671,北秀向阳苑西区,2.5
672,北秀蓝湾花苑,14.964285714285714
673,北苑丽城,10.333333333333334
674,北苑新村,26.0
675,北落马营,14.0
676,北辰奥园,12.6
677,北银公寓,13.166666666666666
678,十五奎巷,13.0
679,十五家园,17.166666666666668
680,十亩田家园,28.555555555555557
681,十里风荷,21.0
682,半山路,7.0
683,半岛国际,15.055555555555555
684,半岛花园,20.5
685,半道红小区,11.4
686,华东园,28.0
687,华丰新村,0.0
688,华元云水苑,23.82608695652174
689,华元十六街区,15.692307692307692
690,华元欢乐城,17.36111111111111
691,华元玉榕庄,42.2
692,华元美林公馆,60.625
693,华元花涧堂,28.25
694,华元蒙卡岸,22.571428571428573
695,华元西溪欢乐城,7.5
696,华克公寓,0.5
697,华兴公寓,3.0
698,华兴名盛苑,2.3333333333333335
699,华励花苑,1.0
700,华城格之林花园,5.3
701,华夏之心,35.0
702,华夏四季,14.0
703,华天苑,63.125
704,华宇家园,11.3
705,华家弄,20.0
706,华家池,29.857142857142858
707,华庭云顶,11.629213483146067
708,华惠家园,37.666666666666664
709,华星公寓,69.0
710,华星路97号院,9.0
711,华枫名苑,3.5
712,华江宿舍,4.0
713,华海园,14.3
714,华润翠庭,44.0
715,华清山庄,9.75
716,华特山庄,2.0
717,华瑞中心,6.0
718,华瑞晴庐,26.91304347826087
719,华瑞湘湖林语,7.5
720,华瑞湘湖美地,18.4
721,华瑞锦鸿苑,12.0
722,华盛星洲翠谷,12.833333333333334
723,华盛达堂巢,25.0
724,华盛达阅城,13.166666666666666
725,华立和郡,3.8
726,华立江南水乡,13.25
727,华立金顶苑,4.4
728,华策中心,9.833333333333334
729,华艺星座,9.0
730,华苑公寓,12.071428571428571
731,华藏寺巷,27.666666666666668
732,华远大厦,9.4
733,华门世家,21.4
734,华门自由21世纪,5.857142857142857
735,华顺公寓,57.0
736,华鸿汇盛德堡,11.75
737,华鼎君临天峯,17.333333333333332
738,华鼎豪园,24.666666666666668
739,华龙家园,27.333333333333332
740,协安紫郡,23.94736842105263
741,协安蓝郡,26.727272727272727
742,卓越明熙府,0.5
743,卓越蔚蓝领秀一期,6.888888888888889
744,卓越蔚蓝领秀二期,15.5
745,南光坊,25.0
746,南北乐章,1.0
747,南北盛德国际,2.0
748,南北西岸,17.214285714285715
749,南城景园,22.666666666666668
750,南大街,5.0
751,南安,16.25
752,南安新苑,17.6
753,南山路260号,8.0
754,南岸晶都花园,23.944444444444443
755,南岸花城,23.236842105263158
756,南岸风景,4.0
757,南峰公寓,2.0
758,南市花园,8.0
759,南方公寓,0.0
760,南星公寓,32.5
761,南欣公寓,2.0
762,南江公寓,10.0
763,南江商业中心,104.0
764,南沙新苑,11.5
765,南洋名都,1.0
766,南润名座,22.666666666666668
767,南渠社区南渠街,24.0
768,南湖丽景,14.5
769,南湖明筑花苑,14.0
770,南班巷,31.0
771,南秀苑,154.0
772,南肖埠北景东苑,14.0
773,南肖埠北景西苑,20.25
774,南肖埠小区庆春苑,10.947368421052632
775,南肖埠御景苑,28.0
776,南肖埠文景苑,8.666666666666666
777,南肖埠景和苑,19.5
778,南肖埠社区,8.461538461538462
779,南苑一区,46.333333333333336
780,南苑二区(临安),2.5
781,南苑二区(余杭),36.666666666666664
782,南苑小区,19.416666666666668
783,南都德迦东区,38.125
784,南都德迦西区,38.04761904761905
785,南都江滨花园,35.214285714285715
786,南都花园,16.523809523809526
787,南都花园别墅,110.33333333333333
788,南都银座公寓,23.5
789,博印名邸,18.375
790,厚诚公寓,15.4
791,厚诚桥村,3.0
792,厚诚路110号,0.0
793,原筑壹号,21.62162162162162
794,原舍花苑,17.0
795,友谊新村,6.0
796,双牛大厦,6.0
797,双眼井巷,11.5
798,双菱新村,15.0
799,双菱路179号,6.0
800,发展公寓,4.125
801,古塘路30号,132.0
802,古新路,33.0
803,古荡新村东区,22.8125
804,古荡新村西区,17.103448275862068
805,古荡桥,5.0
806,史家埭路小区,7.5
807,叶家弄,17.833333333333332
808,叶青苑,84.5
809,叶青随苑,3.0
810,合丰花苑,62.0
811,合丰花苑北区,20.5
812,合景叠彩园,11.0
813,合景天峻,10.7
814,合景天誉,7.0
815,合景天銮,108.0
816,合景映月台,31.85
817,合景瑜翠园,5.0
818,吉兴公寓,7.0
819,吉如家园,15.2
820,吉庆院,25.615384615384617
821,同人山庄,26.0
822,同人春江时代花园,39.75
823,同人精华,4.333333333333333
824,同和公寓,10.846153846153847
825,同和里,9.0
826,同城印象花苑东区,11.916666666666666
827,同城印象花苑北区,19.214285714285715
828,同城印象花苑西区,16.8
829,同德公寓,3.8333333333333335
830,同方国际,1.0
831,名仕家园,23.285714285714285
832,名城公馆,36.81818181818182
833,名城大厦,35.5
834,名城湖左岸,10.818181818181818
835,名城燕园,37.8
836,名扬阁,10.0
837,名都雅苑,6.0
838,名门天第,110.0
839,后周嘉苑,0.0
840,后市街,34.5
841,后横弄,10.6
842,后珠家苑,39.0
843,后珠美邻嘉苑,15.461538461538462
844,后珠美都雅苑,3.0
845,后珠辰秀嘉园,10.6
846,后珠辰秀嘉园南区,5.833333333333333
847,后营弄,16.0
848,向江来时代中心,3.8
849,君临天下,23.454545454545453
850,君兰华庭,14.0
851,君奥名邸,9.25
852,君尚金座,15.666666666666666
853,君悦丽景,60.0
854,吴牙新村,26.0
855,吴越人家北区,7.521739130434782
856,吴越人家南区,11.75
857,吴越山庄,7.794871794871795
858,和合公寓,3.0
859,和合财富中心,6.333333333333333
860,和家园臻园,19.0
861,和平小区,27.791666666666668
862,和新北苑,4.0
863,和新南苑,7.0
864,和昌云栖玖著,7.92
865,和昌云潮,23.0
866,和昌府,24.6
867,和睦公寓,3.0
868,和睦新村,24.227272727272727
869,和睦路121号,2.0
870,和睦路143号,33.0
871,和睦院,26.8
872,和苑小区,12.0
873,和谐嘉园东苑,79.0
874,和谐嘉园北苑,59.0
875,和谐嘉园南苑,10.0
876,和谐弄,6.333333333333333
877,和达东东城,6.333333333333333
878,和达城,11.37037037037037
879,和达御观邸,7.0
880,和达自由港,21.5
881,响水坝,0.0
882,哑巴弄,17.857142857142858
883,商业城,6.0
884,商城东苑,26.636363636363637
885,商城花园,0.0
886,商城西村,26.6
887,商贸公寓,1.0
888,啤酒城宿舍,2.0
889,嘉丰万悦城,11.0
890,嘉利公寓,51.0
891,嘉利花园,12.833333333333334
892,嘉华公寓,10.0
893,嘉南公寓小高层,19.285714285714285
894,嘉南公寓影池居,3.0
895,嘉南公寓瀑水居,2.6
896,嘉南公寓青藤居,16.25
897,嘉和银领时代,7.318181818181818
898,嘉宸天誉名轩,18.0
899,嘉富广场,59.333333333333336
900,嘉汇大厦,4.5
901,嘉泰馨庭,64.5
902,嘉绿北苑,17.857142857142858
903,嘉绿名苑,17.8
904,嘉绿文苑,0.0
905,嘉绿景苑东园,8.0
906,嘉绿景苑南园,12.0
907,嘉绿景苑西园,14.25
908,嘉绿福苑,1.0
909,嘉绿西苑,23.470588235294116
910,嘉绿青苑,33.0
911,嘉里云荷廷,14.0
912,嘉里桦枫居北区,22.22222222222222
913,嘉里桦枫居南区,14.333333333333334
914,四季名门城市公寓,9.375
915,四季广场,13.6875
916,四季花城月季园,20.0
917,四季风景苑,19.884615384615383
918,四宜亭50号,1.0
919,四条巷,9.5
920,四牌楼,63.0
921,四维金座,24.2
922,回澜北园,8.916666666666666
923,回澜南园,4.576923076923077
924,回龙公寓,2.0
925,回龙庙前小区,40.666666666666664
926,固陵路,94.8
927,国信嘉园,47.9
928,国瑞中心,6.482758620689655
929,国都公寓,9.428571428571429
930,国际花园,31.5
931,圆乡名筑,8.6
932,圆梦园,124.0
933,圆梦园锦江南苑,7.0
934,圣塘河新村二区,5.0
935,圣奥领寓,2.0
936,圣苑小区,9.75
937,圣都公寓,23.0
938,在水一方公寓,5.0
939,地铁万科杭行道,0.0
940,地铁东城广场,0.0
941,坤和和家园,32.224137931034484
942,坤和求是里,8.5
943,坤和西溪里,29.833333333333332
944,坤和西溪里璞园,17.571428571428573
945,城东社区,1.0
946,城中府,1.3529411764705883
947,城中花园(临安),11.055555555555555
948,城中花园(萧山),7.75
949,城中苑,0.0
950,城中街374号,55.0
951,城佳公寓,5.0
952,城北商贸园,17.48
953,城北新村,7.0
954,城南家园,60.5
955,城发云锦城,17.64516129032258
956,城品华庭,14.5
957,城市心境,14.0
958,城建,3.0
959,城建公寓,2.0
960,城桥路19号,12.0
961,城桥路81号,7.0
962,城站路小区,1.0
963,城西社区,2.0
964,城西路,53.0
965,城隍牌楼巷,11.333333333333334
966,塘南茗苑,6.0
967,塘栖一小区,10.071428571428571
968,塘栖嘉园,14.0
969,塘栖栖里东苑,2.0
970,塘河北村,12.777777777777779
971,塘河南村,8.666666666666666
972,塘河新村,37.4
973,塘河科技公寓,19.0
974,墅林苑,8.2
975,墩莳家园,3.0
976,复兴东苑,11.428571428571429
977,复兴北苑,13.454545454545455
978,复兴南苑,28.0
979,复兴城市家园,19.2
980,复兴弄,0.0
981,复地上城,17.0
982,复地壹中心,21.0
983,复地连城国际,20.883116883116884
984,复地黄龙和山,8.25
985,复城国际,1.9230769230769231
986,复泰雅宸华庭,2.0
987,夕照新村,14.333333333333334
988,外东山弄,28.77777777777778
989,外经委宿舍,7.0
990,多蓝水岸听涛苑,15.133333333333333
991,多蓝水岸碧海苑,7.9523809523809526
992,多蓝水岸蓝波苑,51.0
993,多蓝水岸银沙苑,29.8
994,大世界五金城,2.6666666666666665
995,大业江东府,8.5
996,大关东一苑,23.142857142857142
997,大关东七苑,9.0
998,大关东三苑,4.25
999,大关东九苑,11.333333333333334
1000,大关东二苑,27.444444444444443
1001,大关东五苑,4.833333333333333
1002,大关东八苑,17.2
1003,大关东六苑,15.333333333333334
1004,大关东四苑,16.6
1005,大关南一苑,6.0
1006,大关南七苑,28.833333333333332
1007,大关南三苑,6.0
1008,大关南九苑,52.666666666666664
1009,大关南五苑,19.25
1010,大关南八苑,46.666666666666664
1011,大关南六苑,16.25
1012,大关南四苑,36.5
1013,大关西七苑,11.125
1014,大关西三苑,12.0
1015,大关西五苑,5.0
1016,大关西八苑,1.0
1017,大关西六苑,14.636363636363637
1018,大关西四苑,34.0
1019,大华春山明月,5.0
1020,大华海派风景,30.692307692307693
1021,大华海派风范,14.166666666666666
1022,大华玲珑苑,0.0
1023,大华西溪风情,360.3333333333333
1024,大华西溪风情新天地,29.0
1025,大华西溪风情澄品,12.714285714285714
1026,大同公寓,13.0
1027,大园新城,13.727272727272727
1028,大园新城南区,10.631578947368421
1029,大塘新村,11.384615384615385
1030,大学路108号,6.0
1031,大学路110号,124.0
1032,大学路新村,17.814814814814813
1033,大家·锦悦栖溪轩,13.0
1034,大家之江悦,17.0
1035,大家多立方,21.5
1036,大家小墅,3.4166666666666665
1037,大家悦墅,3.0
1038,大家绿城金麟府,27.333333333333332
1039,大家运河之星,16.583333333333332
1040,大家金鼎府,3.25
1041,大成名座,17.0
1042,大有清竹蓝庭,26.8
1043,大江东宝龙广场,5.428571428571429
1044,大浒东苑,10.363636363636363
1045,大浒西苑,39.0
1046,大王庙巷小区,2.0
1047,大营盘,13.5
1048,大运宸府,2.0
1049,大都尚澜,22.5
1050,大马弄,7.0
1051,天元公寓,11.037037037037036
1052,天创园,11.589285714285714
1053,天发公寓,6.0
1054,天园阁,53.5
1055,天地墅园,6.0
1056,天城府,34.2
1057,天城府天著,44.0
1058,天城铭园,19.0
1059,天域开元云澜里,27.0
1060,天堂园汽轮宿舍,9.0
1061,天堂园轴承宿舍,10.0
1062,天安假日公寓,21.0
1063,天官路15号,3.0
1064,天富花苑,7.666666666666667
1065,天寓,21.0
1066,天巢花苑,35.0
1067,天工商厦,0.5
1068,天平村,6.0
1069,天庐苑,13.0
1070,天府家园,4.333333333333333
1071,天成嘉苑,21.0
1072,天时苑(富阳),2.3333333333333335
1073,天时苑(拱墅),9.714285714285714
1074,天林广场,52.0
1075,天汇园,114.0
1076,天江苑,1.0
1077,天河西苑,55.5
1078,天海阳光地带,68.33333333333333
1079,天润商业中心,1.0
1080,天湖公寓,9.5
1081,天璞御园,26.25
1082,天盛居,0.5
1083,天目家园,7.0
1084,天目山路,1.0
1085,天福花园,18.166666666666668
1086,天苑花园,43.3
1087,天虹公寓,39.833333333333336
1088,天赐苑,16.666666666666668
1089,天运花园,18.416666666666668
1090,天都花园,14.363636363636363
1091,天阳上河,90.33333333333333
1092,天阳九筑,17.625
1093,天阳云筑,18.82608695652174
1094,天阳凤起,13.333333333333334
1095,天阳尚城国际一期,12.625
1096,天阳尚城国际二期,22.125
1097,天阳尚景国际,20.285714285714285
1098,天阳尚景国际二期,18.0
1099,天阳文晖,3.6666666666666665
1100,天阳明朗,13.571428571428571
1101,天阳晴朗,39.5
1102,天阳棕榈湾一期,12.866666666666667
1103,天阳棕榈湾二期,18.97826086956522
1104,天阳棕榈湾金水岸,5.5
1105,天阳武林邸,20.5
1106,天阳美林湾,25.941176470588236
1107,天阳蓝光蔚蓝,2.980769230769231
1108,天阳融信东寰名邸,23.0
1109,天阳观筑,26.666666666666668
1110,天阳购物广场,0.0
1111,天鸿君邑,19.77777777777778
1112,天鸿香榭里,9.0
1113,太古广场,15.666666666666666
1114,太平家园,43.666666666666664
1115,太平巷16号,0.0
1116,太平巷33-34号,0.0
1117,太平桥社区,1.0
1118,太阳国际公寓,18.977272727272727
1119,太阳城花园,17.41176470588235
1120,头格江景家园一区,15.0
1121,头格江景家园二区,14.75
1122,奇景家苑,29.2
1123,奎垣巷,20.0
1124,奥克斯时代未来之城,20.4
1125,奥克斯缔逸城,40.27272727272727
1126,奥兰多小镇,52.583333333333336
1127,奥莱金街,2.0
1128,好望角公寓,4.0
1129,如意云庭,1.24
1130,如意公寓,6.5
1131,如意里,13.0
1132,姚园寺巷,6.0
1133,姚家潭公寓,15.666666666666666
1134,威尼斯水城,22.692307692307693
1135,娄村浜,0.0
1136,娑婆新村,15.5
1137,婺江家园二园,12.8
1138,孝友里,31.0
1139,学士桥小区,8.5
1140,学工弄,26.0
1141,学成府,8.0
1142,学苑春晓,28.0
1143,学院路212号,13.0
1144,学院路59号,42.0
1145,学院路99号,7.333333333333333
1146,孩儿巷,19.75
1147,宁安大厦,70.25
1148,宁泰家园,98.5
1149,安吉路,7.0
1150,安盛家园,41.5
1151,安阁弄116/118/120号,2.0
1152,安阁弄59号,13.0
1153,宋浇造巷,62.5
1154,宋都东郡之星,11.956521739130435
1155,宋都东郡国际嘉湾,6.333333333333333
1156,宋都东郡国际朗湾,8.55
1157,宋都东郡国际锦湾,6.0
1158,宋都丽郡国际,6.421052631578948
1159,宋都凯旋苑,11.363636363636363
1160,宋都时间名座,9.333333333333334
1161,宋都时间国际,3.0
1162,宋都晨光国际,20.62295081967213
1163,宋都江宸府,1.8333333333333333
1164,宋都相贤府,37.0
1165,宋都阳光国际,13.75
1166,宋都香悦郡,18.0
1167,宋都麓宸府,5.0
1168,宏农里28-30号,2.0
1169,宏景园,26.6
1170,宏河嘉园,6.0
1171,宗坛巷,119.0
1172,官河公寓,12.625
1173,定安东苑,181.0
1174,定安苑,27.333333333333332
1175,定海西园,16.666666666666668
1176,宜家时代,22.0
1177,宝亿御景园,2.7777777777777777
1178,宝善公寓,80.5
1179,宝嘉誉峰,5.0
1180,宝嘉誉府,17.1
1181,宝林公寓,4.0
1182,宝林西路,5.333333333333333
1183,宝盛世纪中心,1.0
1184,宝石山下二弄,30.0
1185,宝龙云滨湾,4.230769230769231
1186,宝龙城市广场,10.091954022988507
1187,宝龙旭辉城,1.9814814814814814
1188,家和苑,1.0
1189,家景园,1.6
1190,容大五环城市花园,9.222222222222221
1191,密渡桥路2号,1.0
1192,富丽花园(萧山),14.166666666666666
1193,富丽苑,9.0
1194,富力十号一期,5.0
1195,富力十号院,21.8
1196,富力天贸广场,4.5
1197,富力新线公园,12.0
1198,富力西溪悦墅,12.0
1199,富力西溪悦居,18.0
1200,富力西溪悦居溪区,10.1
1201,富康公寓,1.0
1202,富星苑,23.0
1203,富春印象金座,2.375
1204,富春如意花园,5.0
1205,富春山居,20.79310344827586
1206,富春新天地,3.4444444444444446
1207,富春水岸,12.85
1208,富春江南,3.3333333333333335
1209,富春江花苑,3.5714285714285716
1210,富春港,4.0
1211,富春玫瑰园,9.568181818181818
1212,富春硅谷,8.0
1213,富春红郡,20.333333333333332
1214,富春运河赋,5.0
1215,富盛公寓,2.0
1216,富越香溪,6.0
1217,富越香郡,18.11111111111111
1218,富越香郡盈座,0.0
1219,富邦星座,21.75
1220,富阳宝龙城市广场,5.25
1221,富阳春秋社区,1.5714285714285714
1222,富阳财富中心,7.0
1223,寰宇天下,24.660377358490567
1224,将军殿弄,24.125
1225,小和山林野山居,10.0
1226,小城之春花苑,10.6
1227,小庙巷16号,3.0
1228,小河下小区,6.75
1229,小河东村,30.0
1230,小河东河下,0.0
1231,小河佳苑,19.045454545454547
1232,小河路,13.0
1233,小王子路243-255号,3.0
1234,小米巷,1.0
1235,小营民居,14.0
1236,尚城国际,23.0
1237,尚城墅,5.0
1238,尚美名府,15.2
1239,尹家坝路西,0.0
1240,居安坊,17.5
1241,屏风苑小区,12.5
1242,山北新苑,2.0
1243,山南人家,97.66666666666667
1244,山川公寓,9.333333333333334
1245,山水人家彩云天,4.8
1246,山水人家清水湾,9.333333333333334
1247,山水人家潇湘居,166.0
1248,山水人家白沙岛,15.0
1249,山水人家美林泉,25.0
1250,山水人家诗家谷,12.75
1251,山水人家香溪地,66.0
1252,山水国际,1.1111111111111112
1253,山水如画,2.25
1254,山水御园,3.0
1255,山水悦府,2.0
1256,山水水印林语,9.333333333333334
1257,山水美庐,5.0
1258,山水诚庐,11.6
1259,山河花园,2.0
1260,山涧苑,7.0
1261,山西园,12.75
1262,山阴小区,13.666666666666666
1263,岸上蓝山,31.8125
1264,峙山北路住宅区,14.666666666666666
1265,峰华花苑,16.4
1266,峰华雅苑,6.333333333333333
1267,崇化住宅区,30.85185185185185
1268,崇庆里,6.333333333333333
1269,崇文公寓,10.2
1270,崇盛里,24.0
1271,工人新村,33.25
1272,左岸花园,41.54545454545455
1273,左邻右舍,13.142857142857142
1274,市北公寓,13.0
1275,布店弄,26.0
1276,师苑新村,5.545454545454546
1277,帝凯大厦,7.5
1278,帝凯帝景园,10.0
1279,平凡里公寓,14.0
1280,平和家园北区,1.0
1281,平和家园南区,14.0
1282,平安居,45.0
1283,平安里,2.0
1284,平安雅苑,4.0
1285,平山新村,7.5
1286,平海公寓,3.0
1287,平瑞瑞和园,9.5
1288,幸福人家,14.142857142857142
1289,幸福家园,5.5
1290,广仁小区,1.0
1291,广元公寓,0.0
1292,广兴新村,5.0
1293,广利佳苑,6.333333333333333
1294,广厦天都城天星苑,18.65
1295,广厦天都城天月苑,18.615384615384617
1296,广厦天都城天水苑,10.2
1297,广厦天都城天河苑,53.5
1298,广厦天都城天泉苑,24.761904761904763
1299,广厦天都城天湖苑,11.428571428571429
1300,广厦天都城天漾,2.0
1301,广厦天都城天澜,12.833333333333334
1302,广厦天都城天熙公馆,13.658536585365853
1303,广厦天都城天风苑,15.130434782608695
1304,广厦天都城温莎苑,9.142857142857142
1305,广厦天都城爱尚公寓,4.714285714285714
1306,广厦天都城爵士花园,4.181818181818182
1307,广厦天都城紫韵公寓,15.846153846153847
1308,广厦天都城蓝调公寓,19.727272727272727
1309,广厦西湖时代广场,2.0
1310,广和公寓,7.0
1311,广和美地兰庭,14.545454545454545
1312,广场花园,4.923076923076923
1313,广大景和园,4.0
1314,广大融城印象,6.5
1315,广宁小区,20.142857142857142
1316,广宇万科公园里,42.3
1317,广宇上东名筑,7.375
1318,广宇上东臻品,6.6923076923076925
1319,广宇上东领地,16.75
1320,广宇东承府,20.09090909090909
1321,广宇公寓,9.0
1322,广宇河滨公寓,5.25
1323,广宇西城年华,22.142857142857142
1324,广宇西城美墅,25.0
1325,广宇锦绣桃源,39.2
1326,广宇鼎悦府,29.2
1327,广德小区,20.285714285714285
1328,广悦公寓,20.0
1329,广景苑,37.5
1330,广泽小区,57.5
1331,广济公寓,6.5
1332,广浦公寓,2.0
1333,广福路小区,3.0
1334,广茵大厦,42.0
1335,广都嘉园,47.666666666666664
1336,庆丰公寓,0.0
1337,庆丰新村,4.142857142857143
1338,庆晖公寓,10.0
1339,庆隆苑,33.2
1340,庆隆路3号,9.0
1341,庙山新村,5.0
1342,府新花园东区,40.6
1343,府新花园西区,14.0
1344,府景公寓,1.0
1345,府苑新村,13.0
1346,庭院深深,17.594594594594593
1347,康乐新村,38.464285714285715
1348,康乐香港城,18.11111111111111
1349,康宁和府,31.0
1350,康宁苑,0.0
1351,康家公寓,5.333333333333333
1352,康庭和苑,6.166666666666667
1353,康恒悦麒美寓,12.285714285714286
1354,康新花园,59.2
1355,康都紫轩,8.5
1356,康馨苑,6.5
1357,延龄苑,12.0
1358,建国公寓,18.5
1359,建国南苑,9.3
1360,建塘家苑,5.0
1361,建工新村,2.1666666666666665
1362,建德村,40.0
1363,建电新村,34.5
1364,开元加州阳光小区,11.466666666666667
1365,开元名郡,17.5
1366,开元名都,35.0
1367,开元广场,16.25
1368,张官弄,14.0
1369,弥陀寺路,26.333333333333332
1370,彩云苑,4.0
1371,彩虹城,28.844444444444445
1372,彩虹豪庭,27.363636363636363
1373,彩虹路,0.5
1374,彩霞岭,61.0
1375,影业路,3.0
1376,径都荷塘花苑,96.0
1377,径香苑,11.0
1378,徐家河公寓,0.0
1379,得力名望府,63.333333333333336
1380,得力名门世家,2.3333333333333335
1381,得力新和人家,43.666666666666664
1382,御城御园,4.333333333333333
1383,御城涵园,5.8076923076923075
1384,御城熙园,8.0
1385,御景城,25.333333333333332
1386,御清城,5.375
1387,御湖公馆,66.5
1388,御跸苑,18.333333333333332
1389,德信东望,39.642857142857146
1390,德信中外公寓,16.666666666666668
1391,德信九溪云庄,16.0
1392,德信北海公园,6.166666666666667
1393,德信君宸,12.357142857142858
1394,德信大家钱江府,22.25
1395,德信大江壹号,5.0
1396,德信大江源著,3.8421052631578947
1397,德信早城,26.59259259259259
1398,德信早安,3.6666666666666665
1399,德信时代之心,3.1578947368421053
1400,德信晓宸,22.428571428571427
1401,德信泊林春天,7.25
1402,德信浙旅东宸,9.0
1403,德信浙旅天空之翼,10.333333333333334
1404,德信碧桂园印江南,2.0
1405,德信臻园,56.25
1406,德信金泊林公寓,52.25
1407,德信银树湾,7.0
1408,德嘉金沙阳光,18.444444444444443
1409,德圣博奥城,18.933333333333334
1410,德意中兴广场,13.0
1411,德意义和苑,13.5
1412,德意空港国际,3.0
1413,德慧公寓,7.0
1414,德欣城市嘉园,20.0
1415,德泽家园,9.75
1416,德胜东村,40.45
1417,德胜新村,36.457142857142856
1418,德胜新村南,9.0
1419,德邻公寓,3.0
1420,德雅汇丰,0.0
1421,德雅花园,14.714285714285714
1422,德雅金座,44.0
1423,心怡花园,9.75
1424,心意广场,14.0
1425,忆江南,7.9
1426,志成广场御江月,17.666666666666668
1427,思安坊,0.0
1428,怡佳公寓,5.333333333333333
1429,怡和公寓,17.5
1430,怡和苑,38.0
1431,怡情风景苑,1.0
1432,怡景公寓,3.6666666666666665
1433,怡景花城,21.666666666666668
1434,怡景花城鸣翠苑,19.0
1435,怡静坊,20.0
1436,恒丰坊,21.2
1437,恒升花苑,4.0
1438,恒厚阳光城,0.5
1439,恒基旭辉府,8.4375
1440,恒大帝景,25.580645161290324
1441,恒大水晶国际广场,5.75
1442,恒安名座,7.0
1443,恒晟云中绿园,6.25
1444,恒晟左邻右里,5.642857142857143
1445,恒晟逸家,40.0
1446,恒泰御庭园,16.944444444444443
1447,恒瑞名座,56.25
1448,恒盛锦园,50.333333333333336
1449,恒祺克拉天玺,35.0
1450,恒福嘉城,7.6521739130434785
1451,恒腾悦湖花苑,11.0
1452,恒逸南岸明珠,8.0
1453,恒逸金榈湾,0.3333333333333333
1454,恒锦苑,5.6
1455,恒鼎博邑郡,15.317073170731707
1456,恩波社区,11.0
1457,恩济花苑,18.0
1458,悦泽公寓,16.5
1459,惠民苑小区,76.0
1460,惠羽家园,13.0
1461,惠都家园,21.083333333333332
1462,意法轻纺城,9.0
1463,慧仁家园南区,9.0
1464,憬天国际名座,4.0
1465,成龙官山邸,10.842105263157896
1466,所巷,24.5
1467,打铁关外聘楼,47.0
1468,打铁关新村,10.5
1469,打铁关路,180.0
1470,招商越秀公园1872,113.0
1471,招商远洋春秋华庭,0.0
1472,招商雍华府,46.0
1473,拱宸新苑,21.6
1474,拱苑小区,21.0
1475,拾排里125号,27.6
1476,拾排里126号,103.25
1477,振兴小区,3.0
1478,振华路7号,2.0
1479,摩卡商务馆,5.5
1480,政新花园,5.555555555555555
1481,政苑小区,13.653846153846153
1482,教工宿舍,36.0
1483,教工路131号,0.5
1484,文一路109号,30.0
1485,文一路57号,2.0
1486,文一路91号,0.0
1487,文三新村,13.8
1488,文三西路156号,138.0
1489,文三路55号,1.6666666666666667
1490,文二新村,10.75
1491,文二路166号,10.0
1492,文二路21号,7.0
1493,文二路44号,4.0
1494,文二路46号,33.0
1495,文二路48号,2.5
1496,文二路57号,2.0
1497,文二路58号,3.0
1498,文二路60号,0.0
1499,文二路66号,4.666666666666667
1500,文二路68号,0.0
1501,文亭公寓,0.0
1502,文化路237号,12.0
1503,文华苑,4.333333333333333
1504,文华苑人才公寓,0.0
1505,文和公寓,0.0
1506,文园公寓,0.0
1507,文居学府,3.4615384615384617
1508,文教西苑,0.0
1509,文晖苑,31.0
1510,文晖路106号,34.0
1511,文晖铭园,46.666666666666664
1512,文溪鼎园,37.833333333333336
1513,文澜苑,6.0
1514,文澜雅苑,0.5714285714285714
1515,文苑小区,8.333333333333334
1516,文苑风情,12.4
1517,文菁花苑,49.0
1518,新世界柏丽轩,60.333333333333336
1519,新世纪公寓,1.0
1520,新世纪花苑,20.75
1521,新中宇维萨,27.6
1522,新丰小区,7.5
1523,新义名苑,7.1
1524,新元金沙家园,20.636363636363637
1525,新华园,40.666666666666664
1526,新华坊社区,25.615384615384617
1527,新华路小区,21.5
1528,新南湖绿苑,33.0
1529,新城丽景,17.0
1530,新城国际和园,16.5
1531,新城国际彩园,1.0
1532,新城坊,7.0
1533,新城山语院,14.590909090909092
1534,新城峯璟,18.09090909090909
1535,新城时代广场,2.0
1536,新城璟隽公馆,28.25
1537,新城红郡,21.08
1538,新城花苑,18.166666666666668
1539,新城西溪逸境,19.666666666666668
1540,新城都市丽景南苑,25.75
1541,新城金镶玉,16.25
1542,新城香悦公馆,11.2
1543,新城香悦半岛,17.46153846153846
1544,新城龙湖湾上风华,32.2
1545,新大地,5.4
1546,新天地G193广场,39.0
1547,新天地世嘉新座,34.5
1548,新天地中心,11.0
1549,新天地购物中心,2.0
1550,新天地金色时光,15.666666666666666
1551,新安嘉苑,14.333333333333334
1552,新安园,22.571428571428573
1553,新安天苑,2.875
1554,新安铭苑,34.0
1555,新山水御园,1.0
1556,新州花苑,14.142857142857142
1557,新工新村,3.1
1558,新希望滨江锦粼府,7.666666666666667
1559,新德雅公寓,36.0
1560,新惠名苑,12.7
1561,新时代城市家园,9.35
1562,新明半岛,11.0
1563,新星小区,34.21052631578947
1564,新曙光公寓,1.0
1565,新月花园,20.0
1566,新桃源东区,2.0
1567,新桥公寓,2.0
1568,新桥园,2.6666666666666665
1569,新江花园,9.692307692307692
1570,新沁家园,1.0
1571,新沙家园,7.875
1572,新河坝,43.0
1573,新浦苑,6.0
1574,新港城,5.428571428571429
1575,新湖果岭,18.275862068965516
1576,新湖武林国际公寓,13.0
1577,新湖菲林山,12.846153846153847
1578,新湖香格里拉,32.0
1579,新湾商贸中心,44.666666666666664
1580,新湾商贸城,15.666666666666666
1581,新白马公寓,24.555555555555557
1582,新窑路,7.0
1583,新窑路352号,1.0
1584,新绿园,23.666666666666668
1585,新苑公寓,22.5
1586,新街社区,76.0
1587,新西湖小镇,74.76470588235294
1588,新西湖花园,44.4
1589,新誉公寓,6.0
1590,新金都城市花园,10.833333333333334
1591,方家山公寓,2.5
1592,方家弄,2.0
1593,方家花苑,6.0
1594,方正360空间大厦,4.0
1595,方正荷塘月色,14.555555555555555
1596,方汇花苑,12.5
1597,於潜镇潜阳路306号,201.0
1598,於潜镇青兰阁,12.666666666666666
1599,施家园花苑北区,10.2
1600,施家园花苑南区,23.333333333333332
1601,施家花园,15.0
1602,日信国际DOUBLE时代,5.222222222222222
1603,日森大厦,20.333333333333332
1604,旭辉东原吴越府,4.095238095238095
1605,旭辉东原国滨府,4.0
1606,旭辉中粮朗香郡,4.2
1607,旭辉和昌都会山,37.0
1608,旭辉宝龙东湖城,14.875
1609,旭辉时代城,10.153846153846153
1610,旭辉滨江东方悦府,75.11111111111111
1611,旭辉珺悦府,8.0
1612,旭辉运河悦章,14.071428571428571
1613,时代公寓,3.0
1614,时代滨江悦,6.8
1615,时代长岛之春,22.047619047619047
1616,昆仑华府,30.529411764705884
1617,昆仑天籁,4.6
1618,昆仑府,49.333333333333336
1619,昆仑橡树园,22.5
1620,昆盛肖邦,27.125
1621,明华佳乐苑,39.0
1622,明华名港城二期,0.0
1623,明华明辉花园,23.27777777777778
1624,明华花园,16.0
1625,明怡花苑,18.333333333333332
1626,明意公寓,6.222222222222222
1627,明月山庄,4.0
1628,明朗花园,8.5
1629,明桂苑,14.5
1630,明江苑,37.7
1631,明泰苑,3.0
1632,明珠公寓,32.0
1633,明真宫,5.5
1634,易构大厦,11.5
1635,易辰江南大院,12.933333333333334
1636,星云,4.0
1637,星光国际公馆,10.693877551020408
1638,星南站,42.0
1639,星桥桂花城,22.333333333333332
1640,星汇花园,6.366310160427807
1641,星汇荣邸,32.666666666666664
1642,星河明苑,61.4
1643,星河景庭公寓,41.0
1644,星洲花园万黛兰居,32.111111111111114
1645,星洲花园圣陶沙韵,6.5
1646,星洲花园格兰馨庐,15.0
1647,星洲花园红树林,29.5
1648,星洲花园花柏美舍,16.25
1649,星海云庭,8.8125
1650,星润大厦,0.0
1651,星港9月,1.4
1652,星火南路1号,0.0
1653,星火小区,25.0
1654,星耀中心,5.352941176470588
1655,星耀城,18.928571428571427
1656,星耀星澜之城,6.3
1657,星育佳园,12.25
1658,星运丽园,18.857142857142858
1659,星运丽园兰逸,39.0
1660,星都嘉苑,49.42857142857143
1661,星都家园,10.0
1662,星都花园(萧山),14.166666666666666
1663,星雅嘉园逸品苑,5.714285714285714
1664,星雅嘉园逸景苑,20.0
1665,春丰苑,22.8
1666,春南社区,0.25
1667,春城大厦,2.0
1668,春天,4.2
1669,春天华府(临天路),10.652173913043478
1670,春天学府,0.8823529411764706
1671,春天花园,10.133333333333333
1672,春意江南名邸,4.333333333333333
1673,春晖社区,1.4545454545454546
1674,春江名苑,9.0
1675,春江花园,3.0
1676,春江花月,25.454545454545453
1677,春江香樟苑,1.25
1678,春波南苑,6.1
1679,春波小区,5.333333333333333
1680,春风江南府,5.0
1681,晨光绿苑北苑,24.5
1682,晨光绿苑南苑,47.666666666666664
1683,普金家园,26.071428571428573
1684,景上公寓,7.0
1685,景丽华庭,27.0
1686,景冉佳园,11.851063829787234
1687,景城花园,46.5
1688,景悦家苑,36.5
1689,景杉路,5.0
1690,景杉路548号,6.0
1691,景杉路571号,1.0
1692,景杉路610号,1.0
1693,景江城市花园,10.0
1694,景江苑,4.5
1695,景湖苑,17.0
1696,景瑞原墅,13.0
1697,景瑞天赋,100.0
1698,景瑞御华府,14.894736842105264
1699,景瑞御蓝湾,29.642857142857142
1700,景瑞悦西台,20.0
1701,景瑞申花郡,10.714285714285714
1702,景瑞阳光城法兰公园,23.6
1703,景翠公寓,18.6
1704,景致公寓,5.0
1705,景芳一区,33.0
1706,景芳三区,34.916666666666664
1707,景芳东区,28.75
1708,景芳二区,61.714285714285715
1709,景芳五区,16.555555555555557
1710,景芳六区,6.166666666666667
1711,景芳四区,8.727272727272727
1712,景芳新五区,15.384615384615385
1713,景芳水湘苑,9.8
1714,景苑公寓(江干),6.857142857142857
1715,景苑公寓(萧山),2.0
1716,景雅苑,45.666666666666664
1717,晶典公寓,3.0
1718,晶晶大厦,7.5
1719,智格新怡家园,5.3
1720,曙光公寓,3.5
1721,曙光嘉园,16.333333333333332
1722,曙光新村,6.166666666666667
1723,曙光路123号,0.0
1724,曙光路三弄,9.0
1725,月光苑,72.5
1726,月桂花园,98.0
1727,月雅苑,10.25
1728,朗庭公馆,36.833333333333336
1729,朗诗国际街区,10.828125
1730,朗诗未来街区,18.333333333333332
1731,朗诗未来街区东园,7.454545454545454
1732,朗诗枫荟,48.0
1733,朗诗田园绿郡,8.0
1734,朗诗美丽洲,40.0
1735,朗诗花漫里,16.294117647058822
1736,朗郡庭园,18.77777777777778
1737,望城,6.571428571428571
1738,望月公寓,14.4
1739,望梅路588号,57.23076923076923
1740,望江公寓,2.0
1741,望江家园东园,11.666666666666666
1742,望江家园西园,15.875
1743,望江府,15.0
1744,望江新丰苑,4.2
1745,望江新园一园,2.5
1746,望江新园三园,227.0
1747,望江新园二园,0.0
1748,望湖花园,2.0
1749,朝晖一区,12.714285714285714
1750,朝晖七区,18.933333333333334
1751,朝晖三区,13.857142857142858
1752,朝晖九区,12.333333333333334
1753,朝晖二区,34.125
1754,朝晖五区,10.75
1755,朝晖八区,6.0
1756,朝晖六区,2.25
1757,朝晖四区,20.65
1758,朝晖新城,26.25
1759,"朝晖路81,85,89号",38.5
1760,朝阳新苑,9.0
1761,朝阳银座,13.0
1762,木庵小区,2.0
1763,木材新村,2.5
1764,木桥浜路23-295号,20.125
1765,未央村,26.2
1766,机神新村,11.666666666666666
1767,杉杉恒和依山郡,27.11111111111111
1768,杨家春晓南苑,8.0
1769,杭发厂宿舍,7.4
1770,杭大新村,15.0
1771,杭大路38号,6.0
1772,杭州东部国际商务中心,2.625
1773,杭州宏丰家居城宏丰公寓,16.857142857142858
1774,杭州春树云筑,5.0
1775,杭州江山风华,1.0
1776,杭州碧桂园,10.683333333333334
1777,杭房建发养云静舍,64.5
1778,杭房悦东方,20.0
1779,杭柴厂宿舍,21.0
1780,杭氧和院,22.666666666666668
1781,杭钢北苑,18.375
1782,杭钢南苑,17.0
1783,杭钢尚堂府,7.545454545454546
1784,杭钢紫元旭润和府,20.7
1785,杭钢西苑,58.5
1786,杭锅新村,0.0
1787,杭齿宿舍,60.2
1788,松木场河东,28.166666666666668
1789,松木场河西,6.4
1790,林之语,18.166666666666668
1791,林司后,4.333333333333333
1792,林水山居,9.636363636363637
1793,林泉流韵,4.0
1794,林溪闲庭,13.777777777777779
1795,林语别墅,70.0
1796,枫华府第,30.5
1797,枫林晓城,11.666666666666666
1798,枫桥庭,7.181818181818182
1799,柏悦公馆,19.5
1800,柳浪东苑,137.0
1801,柳浪新苑,25.0
1802,柳浪阁,17.5
1803,柳营巷,11.5
1804,柳营花园东区,22.4
1805,柳营花园西区,15.333333333333334
1806,柴校坊,9.0
1807,树兰书香名邸,28.88888888888889
1808,树园,9.0
1809,桂花城,29.333333333333332
1810,桂花新村,15.714285714285714
1811,桃园公寓,11.88888888888889
1812,桃园新村,55.666666666666664
1813,桃源明月,17.0
1814,桃源春居,17.7
1815,桃花弄54号,4.0
1816,桐鹤名苑二区,12.0
1817,桥南新村,36.0
1818,桥头宿舍,21.0
1819,梅和名府,13.333333333333334
1820,梅堰小区,16.62962962962963
1821,梅花三胜公寓,16.0
1822,梅花弄小区,74.0
1823,梅花碑,2.0
1824,梅苑阁小区,6.6
1825,梓树花苑,7.333333333333333
1826,梦境家园,23.333333333333332
1827,梦湖山庄,24.25
1828,梦溪东明山居,102.66666666666667
1829,梦琴湾,16.375
1830,梦秀公寓,6.0
1831,梧桐公寓,8.4
1832,梧桐燕庐,19.05
1833,棋盘弄24号,43.0
1834,棋盘弄42号,40.0
1835,棠梨家园,6.0
1836,森林湖山庄南区,0.0
1837,横河新村,39.0
1838,横燕子弄,12.5
1839,横石板弄,2.75
1840,樱花府第,6.6
1841,樱花府第西园,4.25
1842,樱花雅苑北区,4.076923076923077
1843,樱花雅苑南区,5.6
1844,檀香园,32.714285714285715
1845,欣北钱江国际广场,11.0
1846,欣景苑,28.1
1847,欣盛东方郡东区,15.23076923076923
1848,欣盛东方郡西区,20.263157894736842
1849,欣龙华府公寓,17.428571428571427
1850,欧美金融城,11.357142857142858
1851,歌山品悦府,5.75
1852,正中尚品庭院,71.5
1853,正元都市阳光,43.57142857142857
1854,正兴堂弄,19.125
1855,武林公寓,3.3333333333333335
1856,武林巷36号,4.5
1857,武林巷5-28号,5.0
1858,武林桥河下,0.0
1859,武林花园,1.0
1860,武林路,18.0
1861,武林路458号,22.0
1862,武林门新村,5.5
1863,毓秀家园,9.785714285714286
1864,比胜庙巷13号,34.0
1865,毛家桥公寓,17.166666666666668
1866,民安苑,7.166666666666667
1867,民权路7号,63.0
1868,水乡人家,0.3333333333333333
1869,水乡华庭,4.857142857142857
1870,水乡名苑,5.0
1871,水乡西溪小筑,35.22222222222222
1872,水云城,13.6
1873,水华苑,2.0
1874,水印城,11.575757575757576
1875,水印康庭,14.272727272727273
1876,水岸名筑,10.666666666666666
1877,水岸家园,5.5
1878,水岸帝景,57.285714285714285
1879,水岸明珠,3.0
1880,水岸枫庭,2.0
1881,水岸锦城,1.5
1882,水岸阳光,2.0
1883,水岸雅苑,3.5
1884,水岸青云,3.9166666666666665
1885,水岸风华,0.5
1886,水悦花园,2.1666666666666665
1887,水星阁,19.75
1888,水晶湾城市雅苑,7.0
1889,水曲弄,0.0
1890,水木清华,17.75
1891,水沟沿路,4.0
1892,水泥厂宿舍,8.0
1893,水澄花园北苑,6.0
1894,水澄花园南苑,13.0
1895,水稻所赵家墩,0.0
1896,水车河弄,22.5
1897,水陆寺巷,12.166666666666666
1898,水韵四维苑北区,10.0
1899,水韵四维苑南区,1.0
1900,水韵康桥康泽苑,6.5
1901,水韵康桥康盛苑,5.285714285714286
1902,水韵康桥康锦苑,1.0
1903,永丰巷,55.2
1904,永和之星,19.25
1905,永和家苑,4.166666666666667
1906,永宁院,38.0
1907,永宏叠家,1.0
1908,永康苑,15.0
1909,永泰名苑,23.75
1910,永翔嘉顺中心,146.0
1911,汀洲花苑北,35.5
1912,求是村,10.846153846153847
1913,求智巷,3.1666666666666665
1914,求智弄,16.666666666666668
1915,汇宇和庭,26.0
1916,汇宇花园,14.0
1917,汇秀山庄,21.0
1918,汇观山花苑,6.0
1919,汇通大厦,2.0
1920,汇锦华庭,2.857142857142857
1921,汇锦华庭北区,2.0
1922,汇锦名店广场,9.0
1923,汇锦畔湖苑,7.5
1924,汇锦苑,4.666666666666667
1925,汇隆风林公寓,5.0
1926,汇高栢悦中心,3.0
1927,汉峰峰公馆,10.19047619047619
1928,汉港武林汇,0.0
1929,江东壹号,17.5
1930,江东锦绣名座,35.5
1931,江东阳光名城,15.19047619047619
1932,江南佳苑,6.205882352941177
1933,江南名楼,5.5
1934,江南国美家园,86.0
1935,江南摩卡,10.878787878787879
1936,江南文苑,9.9375
1937,江南新港公寓,11.5
1938,江南明城,109.875
1939,江南明城金座,12.0
1940,江南明珠,5.5
1941,江南星座,18.11111111111111
1942,江南豪园,21.115384615384617
1943,江南路市政宿舍,20.0
1944,江南铭庭,21.652173913043477
1945,江南风尚铭楼,2.0
1946,江城路18号,0.5
1947,江城路393号,22.0
1948,江城路415.417号,14.75
1949,江城路742号,0.0
1950,江山弄,8.0
1951,江枫苑,9.4
1952,江桥路159号,10.0
1953,江桥路162号,1.0
1954,江桥路396号,9.5
1955,江桥路467号,2.0
1956,江桥路482号,1.0
1957,江涛阁,33.07692307692308
1958,江湾绿苑,17.75
1959,江滨澜廷,12.35897435897436
1960,江盛公寓,26.818181818181817
1961,江盛江南岸,6.0
1962,江虹小区,12.25
1963,汤家锦绣公寓三区,12.0
1964,汤家锦绣公寓二期,18.0
1965,沁园春公寓,6.0
1966,沁园雅舍,18.166666666666668
1967,沁源公寓,2.5
1968,沁雅花园,31.823529411764707
1969,沁雅苑,31.0
1970,沈塘东村,33.0
1971,沈塘新村,21.4
1972,沈塘桥弄13号,5.0
1973,沈塘苑,25.0
1974,沈塘铭苑,39.0
1975,沙树路商业城,0.0
1976,沙田里,6.5
1977,河畔新村,15.0
1978,河畔花园,25.75
1979,河缸桥,13.666666666666666
1980,河罕上,3.0
1981,油车弄,20.0
1982,泊悦府,12.222222222222221
1983,泊林印象,9.090909090909092
1984,泊林漫谷,31.333333333333332
1985,泊金湾,2.25
1986,法轮寺弄,51.0
1987,泰和天辰国际广场,0.0
1988,泰和花园,4.142857142857143
1989,泰和苑,19.0
1990,泰地北上新城,27.583333333333332
1991,泰禾野风大城小院,14.5
1992,泰美国际大厦,9.833333333333334
1993,流水东苑,33.3125
1994,流水北苑,8.571428571428571
1995,流水苑,21.08695652173913
1996,浅水湾城市花园,73.0
1997,浅水湾庄园(吴越街),11.0
1998,浙商国际中心,0.0
1999,浙商开元名都祺寓,5.0
2000,浙地人家,33.0
2001,浙富西溪堂,13.0
2002,浙报公寓,18.833333333333332
2003,浙报宿舍,84.0
2004,浙新小区,57.666666666666664
2005,浙旅德信西宸,90.57142857142857
2006,浙江大学华家池校区,17.75
2007,浙江工业大学教师宿舍,6.0
2008,浙江油田留下小区,5.0
2009,浙消宿舍,8.0
2010,浙港国际,13.6
2011,浙港城市公馆,25.0
2012,浣纱路,47.0
2013,浦江苑小区,23.5
2014,浦沿公寓,148.0
2015,浪漫和山,32.125
2016,浪漫香槟东区,3.3529411764705883
2017,浪漫香槟西区,2.5
2018,浪琴翠园,19.875
2019,浮力森林苑,38.0
2020,浴美施路住宅区,12.0
2021,浴美苑,25.5
2022,海上明月澜庭,20.0
2023,海天商厦,3.0
2024,海威新界,8.368421052631579
2025,海威钱塘之星,20.526315789473685
2026,海德公园,10.0
2027,海景城花园,23.0
2028,海月花园,60.2
2029,海棠公寓,7.666666666666667
2030,海潮雅园一园,1.0
2031,海狮沟,7.666666666666667
2032,海联云客里,9.0
2033,海辰水岸晶座,16.0
2034,海运国际大厦,11.0
2035,海陆星光园,0.5
2036,涌金广场聚景阁,56.0
2037,涌金花园,5.0
2038,润东府,9.5
2039,润和亿城嘉园,13.222222222222221
2040,润和西溪郡,2.6666666666666665
2041,润达花园,25.4
2042,淮矿东元府,33.0
2043,深蓝国际中心,8.25
2044,混堂巷13号,9.8
2045,混堂桥,24.0
2046,清合嘉园东区,4.625
2047,清合嘉园西区,3.5454545454545454
2048,清和园,2.6666666666666665
2049,清怡花苑,35.125
2050,清水公寓,50.0
2051,清水弄,10.5
2052,清江花园,5.0
2053,清江路122号,0.0
2054,清沁花苑,4.0
2055,清河家园,44.2
2056,清河花园,9.571428571428571
2057,清波苑,12.0
2058,清泰南苑,1.0
2059,清泰商务大厦,0.0
2060,清泰小区,13.0
2061,清远里,19.25
2062,清雅苑,15.61111111111111
2063,清风万和苑,2.0
2064,清风公寓,1.0
2065,清风泰安苑东区,7.0
2066,清风泰安苑西区,3.857142857142857
2067,清风阳光苑,3.8333333333333335
2068,渔家浜,3.0
2069,渡驾新村,1.5
2070,温兴风情苑,22.25
2071,温州商城,0.0
2072,温馨人家,17.23076923076923
2073,温馨家园,9.75
2074,港汇中心,13.0
2075,港湾家园,3.5
2076,湖光山社,66.0
2077,湖塘公寓,2.0
2078,湖墅南路261号,5.0
2079,湖墅嘉园,10.0
2080,湖墅新村,15.714285714285714
2081,湖山云台苑,3.7906976744186047
2082,湖山帝景湾,9.75
2083,湖山帝景湾南苑,6.25
2084,湖山新村,3.0
2085,湖景居,18.4
2086,湖漫雅筑,18.571428571428573
2087,湖潭路,93.0
2088,湖畔公寓,4.166666666666667
2089,湖畔宽邸,35.611111111111114
2090,湖畔宽邸中央郡,62.0
2091,湖畔花园吐翠苑,14.666666666666666
2092,湖畔花园夕照苑,10.2
2093,湖畔花园太子苑,38.4
2094,湖畔花园桃花苑,6.4
2095,湖畔花园梦泉苑,55.0
2096,湖畔花园秋月苑,3.0
2097,湖畔花园竹径苑,33.5
2098,湖畔花园闻莺苑,2.5
2099,湖畔花园风荷苑,24.5
2100,湖畔花园龙珠苑,97.2
2101,湖语澜轩,1.3870967741935485
2102,湘云雅苑,8.88888888888889
2103,湘湖九号,14.058823529411764
2104,湘湖人家,16.285714285714285
2105,湘湖南苑,10.0
2106,湘湖家园,23.333333333333332
2107,湘湖路9号,21.0
2108,湾南德盛东苑,14.4
2109,源山雅阁,0.0
2110,溪上玫瑰园,16.0
2111,溪悦十锦台公寓,0.8
2112,溪悦宸府,2.6666666666666665
2113,溪畔花园,5.7
2114,滨兴东苑,45.0
2115,滨兴北苑小区,13.0
2116,滨兴家园,19.0
2117,滨兴小区东区,12.0
2118,滨兴小区西区,28.8
2119,滨兴西苑,144.0
2120,滨安小区,41.0
2121,滨康二苑,11.0
2122,滨康小区,44.5
2123,滨文苑,32.0
2124,滨水名庭,8.733333333333333
2125,滨江万家名城一期,11.545454545454545
2126,滨江万家名城二期,4.0
2127,滨江东方海岸(萧山),12.529411764705882
2128,滨江公寓,3.5
2129,滨江凯旋门,47.8
2130,滨江华家池,58.0
2131,滨江华成大江之星,7.444444444444445
2132,滨江城市之星,63.6
2133,滨江宝龙城市广场,6.9
2134,滨江家园,20.75
2135,滨江御江南,11.0
2136,滨江德信东方星城,47.333333333333336
2137,滨江新城东方名府,21.5
2138,滨江新希望新城未来海岸,6.6
2139,滨江新苑,21.76923076923077
2140,滨江旭辉万家之星,11.8
2141,滨江春盛大江名筑,55.5
2142,滨江曙光之城,24.454545454545453
2143,滨江江南之星,23.525
2144,滨江江南名府,46.22222222222222
2145,滨江碧桂园翡翠江南,23.6
2146,滨江紫金府,0.0
2147,滨江西溪之星,31.0625
2148,滨江西溪明珠,35.0
2149,滨江金色家园,7.923076923076923
2150,滨江金色江南,19.2
2151,滨江金茂府,23.208333333333332
2152,滨江铂金海岸,13.75
2153,滨江锦绣之城,50.75
2154,滨沁公寓,16.0
2155,滨河公寓,7.4
2156,滨湖天地,2.0
2157,滨溪阳光家园A区,10.0
2158,漾河人家,7.25
2159,漾河公寓,19.0
2160,潇湘公寓,13.833333333333334
2161,潘水南苑,4.0
2162,潘水苑,5.5
2163,潘水路285号,6.0
2164,潜洲幸福里,4.0
2165,潜洲街103号,24.0
2166,潜阳府,14.0
2167,潮人汇,5.0
2168,潮王公寓,16.0
2169,潮都华庭,25.333333333333332
2170,潮闻天下,19.263157894736842
2171,潮鸣苑,28.8
2172,澜颂奥府,8.4375
2173,澳海澜庭,8.0
2174,濮家东村,6.230769230769231
2175,濮家新村,8.307692307692308
2176,瀚府,16.333333333333332
2177,火炬小区,37.0
2178,火药局弄29号,8.0
2179,火药局弄49号,0.0
2180,灵溪村高湾,13.0
2181,熙晖府,48.0
2182,燕子弄,18.25
2183,燕语林森公寓,32.3
2184,爱丁郡,19.181818181818183
2185,爱尚里,23.0
2186,爱民路,4.0
2187,爵士风情花园,32.875
2188,物华小区,10.272727272727273
2189,状元府,9.75
2190,状元弄,11.5
2191,狮虎桥路,19.0
2192,玄坛弄,25.0
2193,玉兔路小区,2.0
2194,玉古路167.171号,0.0
2195,玉皇山庄,44.0
2196,玉都佳苑,7.0
2197,玉都枫景,16.818181818181817
2198,王家弄,3.0
2199,王马巷,4.0
2200,玖玖国际财富中心,6.071428571428571
2201,玫瑰苑,2.0
2202,环东公寓,46.857142857142854
2203,环北新村,33.666666666666664
2204,环城东路16号,0.0
2205,环城东路298-311号,38.333333333333336
2206,环城北路18-1号,11.0
2207,环城北路六弄,29.666666666666668
2208,环城西路66号,2.5
2209,环城西路70号,30.0
2210,环城西路96号,77.66666666666667
2211,环岛公寓,21.0
2212,环西新村,32.0
2213,现代印象广场,13.25
2214,现代名苑,23.22222222222222
2215,现代家园,20.0
2216,现代景苑,22.555555555555557
2217,现代肖邦,2.25
2218,现代肖邦西区,3.75
2219,现代雅苑,12.9
2220,玲珑嘉苑,6.0
2221,玲珑天城,0.0
2222,玲珑府,13.521739130434783
2223,玲珑府园,5.0
2224,玲珑花园,7.88
2225,玲珑郡,1.1666666666666667
2226,玺之湾,10.16
2227,珠碧一弄12号,8.5
2228,珠碧苑,11.333333333333334
2229,琅琴湾,11.894736842105264
2230,理想家园,16.0
2231,理想康城一品,68.66666666666667
2232,理想康城国际,15.3
2233,理想西溪金座,36.86666666666667
2234,理想银泰城,22.333333333333332
2235,琴湖碧园,27.666666666666668
2236,瑞丰格林苑,13.0
2237,瑞城温莎郡,11.952380952380953
2238,瑞城熙园,18.5
2239,瑞祺大厦,1.0
2240,瑞立东方花城,19.55
2241,瑞立中央花城,11.571428571428571
2242,瑞金华丽嘉苑,17.714285714285715
2243,瑞金华庭嘉苑,26.857142857142858
2244,瑞金华翠嘉苑,219.0
2245,瑞麒佳苑,4.181818181818182
2246,瑞麒时代金座,8.666666666666666
2247,璞丽东方,12.0
2248,瓶山公寓,4.0
2249,生兴路,14.833333333333334
2250,田园公寓,27.142857142857142
2251,田园河畔居,37.0
2252,田园牧歌听泉苑,22.5
2253,田园牧歌揽翠苑,22.857142857142858
2254,田园牧歌风禾苑,10.0
2255,田园牧歌麓云苑,24.857142857142858
2256,田家桥,7.0
2257,田逸之星,40.0
2258,电信巷,13.0
2259,畔湖路,60.0
2260,畔湖路70-1号,0.0
2261,畔湖路70号,8.0
2262,留下街13号,3.0
2263,留下街14号,8.333333333333334
2264,留下西苑,10.23076923076923
2265,留和春天,8.4
2266,留庄,13.0
2267,登云阁,32.6
2268,白云深处,37.0
2269,白塔人家,18.0
2270,白水涧山庄,41.5
2271,白泽弄,12.666666666666666
2272,白荡海人家,13.846153846153847
2273,白荡海社区,9.0
2274,白金海岸,14.083333333333334
2275,白马尊邸,28.333333333333332
2276,白马湖小区凤凰苑,28.8
2277,白马湖小区孔雀苑,25.25
2278,白马湖小区白鹤苑,3.0
2279,白马湖小区鸿雁苑,63.0
2280,百合公寓,3.0
2281,百合新城,2.6
2282,百合社区,1.0
2283,百合苑,10.0
2284,百大绿城西子国际,0.0
2285,百大花园,43.0
2286,百姓弄小区,34.166666666666664
2287,百家乐西园,26.466666666666665
2288,百富联合国际奥体之星,29.571428571428573
2289,百岁坊巷,78.0
2290,百汇中心,12.666666666666666
2291,百盛春天公社,2.0
2292,皇亲苑,12.833333333333334
2293,皇城花苑,1.0
2294,皇朝城市花园,30.0
2295,皇诰巷,11.0
2296,皮市巷,16.285714285714285
2297,盈和清机大厦,60.0
2298,盘龙山社区,3.0
2299,盛世嘉园,34.1
2300,盛世钱塘,26.571428571428573
2301,盛元慧谷,22.0
2302,盛元蓝爵国际,15.4
2303,盛奥西溪铭座,13.6
2304,盛庐小区,13.0
2305,盛德嘉苑,13.75
2306,盛德欣苑,14.5
2307,盛泰名都中心,1.4444444444444444
2308,盛泰名都公寓,4.882352941176471
2309,盛泰时代山,18.444444444444443
2310,盛都苑,34.4
2311,盛雅公寓,7.0
2312,直吉祥巷,2.0
2313,直大方伯,10.0
2314,直戒坛寺巷,12.0
2315,直箭道巷,15.333333333333334
2316,相墅花园,20.333333333333332
2317,相寓,3.4
2318,省水利厅宿舍,6.5
2319,省规划局宿舍,15.0
2320,睦泽苑东区,5.0
2321,睦泽苑西区,7.666666666666667
2322,知稼苑,17.0
2323,石匠弄,1.0
2324,石板巷,10.0
2325,石板巷新村,6.0
2326,石桥设计二院,11.583333333333334
2327,石榴派,14.333333333333334
2328,石油公寓,6.0
2329,石灰坝8号,2.0
2330,石灰桥新村,5.95
2331,石镜街,1.0
2332,石镜街555号,2.5
2333,碧云阁,10.75
2334,碧佳公寓,2.0
2335,碧天家园,2.5
2336,碧景园,7.0
2337,碧桂园东旭府,23.8
2338,碧桂园中梁凤朝鸣庭,0.6
2339,碧桂园天麓府,7.8
2340,碧桂园玖晟府,0.6785714285714286
2341,碧桂园珑悦,29.4375
2342,碧桂园西江月,36.333333333333336
2343,碧桂园越溪府,2.0
2344,碧桂园金科尚合府,1.0
2345,碧桂苑,7.857142857142857
2346,碧水豪园,23.823529411764707
2347,碧秀名庭,12.5
2348,社坛巷,3.0
2349,社坛苑,24.75
2350,祠堂巷,9.5
2351,祥和人家,15.5625
2352,祥和嘉苑,0.0
2353,祥生云浦新语,14.2
2354,祥生群贤府,14.714285714285714
2355,祥盛家园,3.3333333333333335
2356,福临花苑,33.142857142857146
2357,福利新村,4.666666666666667
2358,福田假日之约山庄,31.0
2359,福田花园,19.2
2360,福雷德广场,17.791666666666668
2361,福雷德广场艾肯金座,11.357142857142858
2362,福鼎家园,32.0
2363,禹洲滨之澜苑,9.5
2364,禹航商城,1.0
2365,秀月家园桂月苑,4.0
2366,秀里华庭,15.0
2367,秋实宸悦,6.0
2368,秋月社区,4.826086956521739
2369,秋水苑,32.333333333333336
2370,秋水览山,19.0
2371,秋涛北路30号,0.0
2372,秋涛北路322号,17.0
2373,秋涛南苑,11.666666666666666
2374,秋涛雅苑,8.666666666666666
2375,科嘉苑,5.8
2376,科尔世纪外滩,13.166666666666666
2377,科尔南城嘉园,11.222222222222221
2378,科技新村,26.333333333333332
2379,秦望佳苑,0.0
2380,积善坊巷,25.5
2381,积家,15.34375
2382,稻香园北区,18.2
2383,稻香园南区,44.785714285714285
2384,窑山花园,13.0
2385,窑背巷6号,8.666666666666666
2386,竞潮江南院,20.0
2387,竹径云山,12.0
2388,竹径云山二期,85.0
2389,竹林家园,0.5
2390,竹林寺,7.4
2391,竹林风华,6.0
2392,竹海水韵,25.586206896551722
2393,竹海水韵春风里,12.961538461538462
2394,竹海水韵竹邻间,19.071428571428573
2395,竹海雅苑,29.0
2396,竹涛翠和人家,7.0
2397,笕桥花苑,16.5
2398,筑境花园,13.391304347826088
2399,米兰公寓,42.5
2400,米市巷,9.7
2401,米市新村,14.0
2402,粮食局宿舍,1.0
2403,精欧荣寓,11.7
2404,紫云山庄,34.986666666666665
2405,紫兰花苑,14.0
2406,紫林公寓,1.75
2407,紫桂花园,46.125
2408,紫欣华庭,288.2857142857143
2409,紫润国际,2.0
2410,紫玉福邸,2.0
2411,紫祥公寓,5.0
2412,紫竹人家,4.6
2413,紫竹苑,24.0
2414,紫花苑,9.666666666666666
2415,紫荆家园,14.454545454545455
2416,紫荆欣苑,50.0
2417,紫薇公寓,30.75
2418,紫金公寓,19.818181818181817
2419,紫金庭园,54.61538461538461
2420,紫金文苑,19.4
2421,紫金观巷,33.0
2422,红垦小区,38.0
2423,红杉雅园,13.0
2424,红枫小区,14.25
2425,红枫苑,6.333333333333333
2426,红石中央花苑,2.0
2427,红石公寓,24.6
2428,红石商务大厦,18.0
2429,红联九漾华庭▪东区,11.0
2430,红联九漾华庭西区,3.0
2431,红苹果家园,12.818181818181818
2432,红街公寓,22.25
2433,红街天城公寓,30.75
2434,绅园,18.0
2435,绍兴新村,19.875
2436,经建绅世郡园,15.166666666666666
2437,经纬御贤府,33.0
2438,经纬玲珑家园,12.0
2439,经纬美耀湾,7.888888888888889
2440,经贸大楼,2.0
2441,维元弄,20.0
2442,绿园,35.0
2443,绿地华家池印,33.25
2444,绿地旭辉城,17.22093023255814
2445,绿地艺尚府,6.5
2446,绿城·七里香溪别墅园,13.5
2447,绿城·文西诚园,2.933333333333333
2448,绿城丁香公馆,21.428571428571427
2449,绿城之江1号,27.28125
2450,绿城九龙仓柳岸晓风,75.0
2451,绿城九龙仓桂语江南,56.0
2452,绿城九龙仓钱塘明月,8.833333333333334
2453,绿城云杉郡,12.709677419354838
2454,绿城云栖桃花源,8.75
2455,绿城伍重院,8.5
2456,绿城兰园,30.6
2457,绿城兰桂花园,65.18181818181819
2458,绿城和庐,50.0
2459,绿城富春和园,2.590909090909091
2460,绿城巧园,29.166666666666668
2461,绿城建发沁园,39.666666666666664
2462,绿城慧园,39.2
2463,绿城明月江南,14.0
2464,绿城曼陀花园,7.4
2465,绿城杨柳郡,19.214285714285715
2466,绿城桃李春风,27.692307692307693
2467,绿城桃源小镇,21.185185185185187
2468,绿城桃源小镇品霞苑,3.0
2469,绿城桃源小镇观翠苑,9.0
2470,绿城桃花源,257.6666666666667
2471,绿城深蓝广场,4.0
2472,绿城玉兰公寓,15.0
2473,绿城玉兰花园,11.465116279069768
2474,绿城玉园,8.666666666666666
2475,绿城留香园,11.6
2476,绿城紫桂公寓,25.764705882352942
2477,绿城翡翠湾,9.0
2478,绿城莲园,12.0
2479,绿城蓝庭东区,22.295454545454547
2480,绿城蓝庭西区,38.592592592592595
2481,绿城蓝色钱江,192.0
2482,绿城西子紫兰公寓,143.0
2483,绿城西子郁金香岸,20.48148148148148
2484,绿城西溪融庄,37.4
2485,绿城财通中心,4.333333333333333
2486,绿城运河宸园,61.5
2487,绿城运河郡,28.0
2488,绿城钱王文化广场,12.733333333333333
2489,绿城青山湖红枫园,10.4
2490,绿城风华苑,22.076923076923077
2491,绿岛花园,2.5
2492,绿岛花园南区,13.25
2493,绿洲之馨公寓,28.0
2494,绿洲湾,10.0
2495,绿洲花园,13.2
2496,绿苑公寓,3.0
2497,绿茵园小区,11.0
2498,绿都世贸广场,9.333333333333334
2499,绿都东澜府,25.0
2500,绿都云和湖,9.2
2501,绿都南江壹号,10.5
2502,绿都嘉丰公馆,30.0
2503,绿都嘉华公馆,8.0
2504,绿都嘉瑞华庭,46.0
2505,绿都四季华庭,26.11111111111111
2506,绿都四季花城,9.818181818181818
2507,绿都御景蓝湾,8.016129032258064
2508,绿都汀蘭府,1.0
2509,绿都泰富广场,3.0
2510,绿都湖滨花园,19.476190476190474
2511,绿都玫瑰苑,69.0
2512,绿都百瑞广场,10.2
2513,绿都花园,18.0
2514,绿都金域东方,8.941176470588236
2515,绿都鉴未来,8.0
2516,绿野春天家园,52.4
2517,绿野清风,2.0
2518,缤纷北苑,59.0
2519,缤纷小区,30.0
2520,缤纷西苑,25.0
2521,缸甏弄,3.5
2522,罗兰春天,16.470588235294116
2523,置鼎明珠1号,12.25
2524,羊千弄,9.0
2525,羊山公寓,3.5
2526,羊血弄,10.0
2527,美丽湾,0.4
2528,美之园东区,14.5
2529,美之园西区,22.763157894736842
2530,美人堂弄,11.0
2531,美好桂花星城,6.555555555555555
2532,美好桂花星座,4.75
2533,美好桂花溪园,3.75
2534,美好桂花金座,10.692307692307692
2535,美政花苑,16.842105263157894
2536,美致生活广场,8.432432432432432
2537,美莱国际中心写字楼,11.5
2538,美达浅草名苑,8.105263157894736
2539,美郡园,11.2
2540,翁梅新苑二区,52.0
2541,翠园路小区,0.0
2542,翠紫苑,14.175
2543,翠苑一区,17.318181818181817
2544,翠苑三区,23.055555555555557
2545,翠苑东二区,4.857142857142857
2546,翠苑东四区,20.75
2547,翠苑二区,23.40909090909091
2548,翠苑五区,34.629629629629626
2549,翠苑佳居,28.0
2550,翠苑四区,43.03333333333333
2551,翠苑四区南园,24.0
2552,翠苑逸景湾,41.0
2553,翡翠之星公寓,10.0
2554,翡翠城一期,14.333333333333334
2555,翡翠城三期,95.57894736842105
2556,翡翠城二期,17.944444444444443
2557,翡翠湾二期紫春庭,171.0
2558,翰墨香林苑,19.5
2559,翰林花园,30.75862068965517
2560,耀江文欣苑,12.0
2561,耀江文萃苑,3.625
2562,耀江文鼎苑,12.696969696969697
2563,耀江福村,50.666666666666664
2564,耀翔悦尚,5.5
2565,耀达仁和印象,12.0
2566,老浙大横路一弄,18.333333333333332
2567,老浙大横路三弄,0.0
2568,老浙大直路11-25号,16.0
2569,联发藏珑大境,5.428571428571429
2570,联发藏珑玉墅,59.0
2571,联合世纪新筑,1.0
2572,联合格里,12.090909090909092
2573,联合畔上居,22.5
2574,联合麦田,1.0
2575,联庄公寓,5.5
2576,联珠里,3.0
2577,联锦大厦,0.0
2578,聚望名座,29.0
2579,聚金商厦,9.666666666666666
2580,肖家弄,12.4
2581,育才东苑,13.263157894736842
2582,育才西苑,5.222222222222222
2583,育秀园,3.0
2584,胜利新村,9.833333333333334
2585,胜月院小区,15.0
2586,胜稼红星嘉园四区,9.0
2587,胡姬花园,64.66666666666667
2588,胭脂新村,12.333333333333334
2589,至高钱塘一品,32.6
2590,臻奥院,11.583333333333334
2591,艮园社区,25.90909090909091
2592,艮山上,19.0
2593,艮山福居,6.384615384615385
2594,艮山西路,42.0
2595,良景学府,2.6666666666666665
2596,良渚十六街区,53.333333333333336
2597,良渚文化村七贤郡,17.054054054054053
2598,良渚文化村探梅里B,7.888888888888889
2599,良渚文化村春漫里,14.0
2600,良渚文化村柳映坊一期,64.0
2601,良渚文化村柳映坊三期,93.75
2602,良渚文化村柳映坊二期,78.8
2603,良渚文化村白鹭郡东,24.666666666666668
2604,良渚文化村白鹭郡北,39.53846153846154
2605,良渚文化村白鹭郡南,30.833333333333332
2606,良渚文化村竹径茶语,46.75
2607,良渚文化村阳光天际,29.428571428571427
2608,良渚花苑新村,12.421052631578947
2609,良熟新苑,11.6
2610,艺尚里,32.166666666666664
2611,花园北村,38.0
2612,花园北村1212宿舍,7.0
2613,花园南村,12.25
2614,花园西村,2.0
2615,花圃铁路新村,8.5
2616,花坞嘉苑,0.0
2617,花城名苑,8.666666666666666
2618,芳满庭,6.0
2619,苋浦社区,3.4347826086956523
2620,苏家潭,20.4
2621,苏黎士小镇,71.77777777777777
2622,苕溪人家,2.0
2623,苕溪公馆,2.4
2624,苕溪南湖人家,9.0
2625,英冠乐创城,13.0
2626,英冠天地,2.0
2627,茂宸金座,7.0
2628,茶厂宿舍,0.5
2629,茶啾弄,6.0
2630,茶市新村,6.5
2631,荀山花苑,0.0
2632,荀庄,9.571428571428571
2633,荆山翠谷,38.0
2634,荣华里,48.2
2635,荣安望江南,22.846153846153847
2636,荣安柳岸闻莺,7.0
2637,荣安翡翠半岛,22.0
2638,荷花小区,29.8
2639,荷花池头,6.0
2640,荷裕庭,28.0
2641,荷韵江南苑,2.1176470588235294
2642,莫干山路361号,35.0
2643,莫干山路613号,0.0
2644,莫干山路633号,10.5
2645,莫干山路79号,4.666666666666667
2646,莫干山路90号,20.0
2647,莫干山路94号,2.0
2648,莫干巷,30.0
2649,莫干新村,8.5
2650,莫衙营,0.0
2651,莱德绅华府,19.25
2652,莱茵旺角七号,13.0
2653,莱茵知己,8.176470588235293
2654,莱蒙水榭山,17.083333333333332
2655,莱蒙水榭春天,16.029411764705884
2656,莲花公寓,1.0
2657,莲花新村东区,20.0
2658,莲花新村西区,15.666666666666666
2659,莲花港家园,6.4
2660,菜市路,1.0
2661,萧山宝龙城市广场,7.5
2662,萧山时代广场,6.5
2663,萧杭人家,35.0
2664,萧然东路456号,2.0
2665,萧然之芯,15.0
2666,萧然人家,12.0
2667,萧然南路387号,1.0
2668,萧绍路507号,9.0
2669,葡萄园小区,10.25
2670,董家弄,13.285714285714286
2671,董家新村,19.75
2672,董家村住宅,5.0
2673,蒋村花园如意苑,93.0
2674,蓝城春风燕语,4.5
2675,蓝天公寓,13.571428571428571
2676,蓝天城市花园,33.3125
2677,蓝桥名苑,12.0
2678,蓝桥景苑,38.25
2679,蓝江公寓,25.0
2680,蓝江四季晶品,21.9
2681,蓝色嘉园,3.0
2682,蓝色港湾,47.05263157894737
2683,蓝色霞湾,13.0
2684,蓝钻天成,18.714285714285715
2685,蔚蓝公寓,66.0
2686,蔚蓝国际大厦,2.0
2687,藕花洲大街,57.0
2688,藕花洲大街西段623号,61.0
2689,藕花苑,0.6666666666666666
2690,虎山社区,7.5
2691,虎山雅苑,2.5
2692,蚕花园永兴坊,78.0
2693,蚕花园永和坊,76.66666666666667
2694,蚕花园永宁坊,18.625
2695,蚕花园永安坊,60.5
2696,蚕花园永庆坊,27.136363636363637
2697,融信学院府,17.2
2698,融信杭州公馆,23.3
2699,融信永兴首府,5.571428571428571
2700,融信江南学府,14.818181818181818
2701,融信沐澜,223.0
2702,融信澜天,17.923076923076923
2703,融信萧山公馆,21.0
2704,融信蓝孔雀,34.2
2705,融信远洋厘望轩,29.0
2706,融创东南海,14.222222222222221
2707,融创华奥时代奥城,36.142857142857146
2708,融创印时代,74.0
2709,融创宜和园,115.66666666666667
2710,融创富春壹号院,0.0
2711,融创微风之城,6.572327044025157
2712,融创望海潮,30.0
2713,融创杭州印,5.171428571428572
2714,融创森与海之城,10.5
2715,融创河滨之城水澜轩,17.125
2716,融创河滨之城雨澜轩,27.76923076923077
2717,融创溪涧堂,19.25
2718,融创玖樟台,23.0
2719,融创瑷颐湾,15.285714285714286
2720,融创瑷骊山,44.87096774193548
2721,融创金成未来海,46.0
2722,融创金成江南府,21.666666666666668
2723,融创金成臻蓝府,6.0
2724,融创金成英特学府,10.473684210526315
2725,融创金成西溪海,15.121951219512194
2726,衣锦人家,5.25
2727,衣锦街406号,110.0
2728,衣锦街545号,85.0
2729,袁井巷,4.0
2730,裕兴院,4.0
2731,裕园公寓,10.777777777777779
2732,裕达大厦,10.0
2733,褐石公馆,20.0
2734,西中圣和花园,2.0
2735,西之望府,6.714285714285714
2736,西园凤都苑,22.25
2737,西城时代家园,10.571428571428571
2738,西塘花苑,31.818181818181817
2739,西墅保锦苑,17.0
2740,西墅绿洲,5.111111111111111
2741,西墅花园,2.5
2742,西墅街286号,2.0
2743,西墅锦园,3.4
2744,西子三水公寓,15.0
2745,西子铭苑,5.0
2746,西子阳光星城,7.5
2747,西小河小区,12.571428571428571
2748,西小河街353号,38.0
2749,西山公寓,31.428571428571427
2750,西房余杭公馆,0.0
2751,西房拱宸外滩,12.23076923076923
2752,西文东苑,51.0
2753,西文南苑,17.666666666666668
2754,西林人家,0.0
2755,西江塘小区,29.0
2756,西河公寓,9.0
2757,西泠花苑,1.0
2758,西湖区教师公寓,30.0
2759,西湖大道261、263、265号,5.0
2760,西湖定安名都,3.3333333333333335
2761,西湖家园,61.5
2762,西湖新城,34.75
2763,西湖花园,58.0
2764,西湖花园南苑,33.0
2765,西湘公寓,6.0
2766,西溪乐天城,8.333333333333334
2767,西溪八方城,16.941176470588236
2768,西溪公寓,1.0
2769,西溪北苑北区,25.5
2770,西溪十九府,17.666666666666668
2771,西溪华东园,24.333333333333332
2772,西溪名园,37.4
2773,西溪君庐,57.666666666666664
2774,西溪天堂悦居,34.5
2775,西溪山庄泊恩郡,5.0
2776,西溪山庄麓云苑,10.857142857142858
2777,西溪庭院,134.0
2778,西溪新城市,6.0
2779,西溪晴雪,27.3
2780,西溪曼哈顿,3.3333333333333335
2781,西溪望庄,63.0
2782,西溪永乐城,15.571428571428571
2783,西溪河下76号,3.0
2784,西溪河东,10.357142857142858
2785,西溪泊岸,5.5
2786,西溪玫瑰,17.0
2787,西溪花园流芳苑,0.0
2788,西溪花城,91.0
2789,西溪蓝海,13.6
2790,西溪蝶园一期,26.428571428571427
2791,西溪蝶园二期,18.291666666666668
2792,西溪诚园守纯苑,34.0
2793,西溪诚园明礼苑,84.25
2794,西溪诚园正信苑,36.8
2795,西溪诚园知敬苑,62.0
2796,西溪诚园致诚苑,26.0
2797,西溪路22-97号,17.5
2798,西溪路403号,5.0
2799,西溪锋尚苑,20.875
2800,西溪雅苑,105.5
2801,西田公馆,1.0
2802,西苑小区,6.333333333333333
2803,西苑小区(临安),6.0
2804,西苑小区(西湖),48.0
2805,西荡苑杏苑,14.25
2806,西荡苑桃苑,1.0
2807,西荡苑梨苑,38.54545454545455
2808,西鉴枫景,18.2
2809,西铭苑,24.0
2810,西雅园,17.428571428571427
2811,观唐花园,24.0
2812,观巷,6.571428571428571
2813,观澜时代云邸苑,16.88095238095238
2814,观邸国际,20.227272727272727
2815,观音堂路102号,10.0
2816,观音塘小区,4.333333333333333
2817,观音桥小区,12.0
2818,解放路213号,2.0
2819,诚盛天际湾,15.363636363636363
2820,豆腐巷,0.0
2821,豪景城,0.0
2822,豪曹巷,7.0
2823,豪波西溪润景,35.25
2824,贝利保元泽第,17.0
2825,贝利栖溪公馆,2.1666666666666665
2826,贝利栖溪望府,7.5
2827,贝利珑昕泽第,10.25
2828,贡院,5.0
2829,财和湘域湾,15.0
2830,财富商厦,26.0
2831,贤明府,3.0
2832,贺田尚城,19.694444444444443
2833,贾家弄,8.5
2834,赛丽绿城丽园,102.5
2835,赞成乐山红叶,8.375
2836,赞成岭上花苑,27.25
2837,赞成杭家,4.777777777777778
2838,赞成林风映水苑,9.333333333333334
2839,赞成林风沁林苑,8.88888888888889
2840,赞成檀府,10.08695652173913
2841,赞成美树,6.578947368421052
2842,赞成良著壹号院,38.4
2843,赞成赞城,28.2
2844,赞成首府,9.5
2845,赞成香颂一期,12.733333333333333
2846,赞成香颂二期,13.833333333333334
2847,赞成龙兴道一号,7.125
2848,赵家弄(余杭),64.5
2849,赵家弄(萧山),78.0
2850,超级星期天,12.372093023255815
2851,越秀亲爱里,20.0
2852,越秀星悦城,3.8640776699029127
2853,越秀星汇尚城,18.375
2854,越秀星汇悦城,9.875
2855,越秀景瑞悦见山,9.944444444444445
2856,越美园,202.0
2857,路劲远洋江南院子,10.0
2858,转塘直街小区,2.0
2859,达盟山庄商务公寓,10.0
2860,过军桥河下,24.0
2861,迎宾花苑,2.0
2862,迎宾苑镬子山庄迎宾苑,5.0
2863,迎宾路158-1号,15.0
2864,迎宾路158号,33.0
2865,迎春东苑小区,5.0
2866,迎春北苑,22.0
2867,迎春南苑,8.333333333333334
2868,迎春小区,11.6
2869,运动新村,1.0
2870,运新花苑二区,42.0
2871,运河万科中心,5.0
2872,运河东苑,27.571428571428573
2873,运河天城国际,92.0
2874,运河玲珑香榭,21.076923076923077
2875,近江家园一园,21.0
2876,近江家园七园,16.25
2877,近江家园九园,11.75
2878,近江家园二园,12.25
2879,近江家园五园,6.6
2880,近江家园八园,3.0
2881,近江家园六园,25.0
2882,近江家园四园,28.4
2883,近江苑,17.5
2884,进修弄,3.0
2885,远东新月公寓,2.0
2886,远大花园,14.625
2887,远大金地中心,1.0
2888,远洋万和四季,1.0
2889,远洋公馆,10.2
2890,远洋公馆绿园,2.0
2891,远洋大河宸章,16.5
2892,远洋山水花园,9.125
2893,远洋心里,34.42857142857143
2894,远洋招商上塘宸章,3.0
2895,远洋西溪公馆,42.73076923076923
2896,远洋路劲上河宸章,8.62962962962963
2897,远洋香奈,28.0
2898,远顺大厦,131.0
2899,迪凯运河印象,18.666666666666668
2900,通和十二橡树,10.833333333333334
2901,通和戈雅公寓,13.296296296296296
2902,通和都市枫林,20.5
2903,通怡花苑,16.0
2904,通惠丽港,18.444444444444443
2905,通江桥高层小区,12.333333333333334
2906,通济路1-12号,6.0
2907,通盛嘉苑,59.0
2908,通策广场,19.863636363636363
2909,通达小区,13.5
2910,逸仙路,2.0
2911,逸品明珠花苑,0.0
2912,逸城,11.022988505747126
2913,逸居城,16.115384615384617
2914,遂安路,0.0
2915,遥祥寺巷,7.0
2916,邮政公寓,15.0
2917,邮电新村,5.285714285714286
2918,邮电路16-38号,27.0
2919,邱山公寓,2.5
2920,邱山大街114-755号,68.63636363636364
2921,邱山大街344号-1,5.0
2922,邱山小区,33.875
2923,郡亭公寓,49.333333333333336
2924,郡原九润公寓,15.714285714285714
2925,郡原列岛花园,26.0
2926,郡原相江公寓,9.736842105263158
2927,郡望府,6.375
2928,郡枫绿园东区,30.75
2929,郡枫绿园西区,10.0
2930,郡楓华庭,33.5
2931,郦城公寓,0.0
2932,都会艺境,20.0
2933,都市春天,11.666666666666666
2934,都市水乡水映苑,15.61111111111111
2935,都市水乡水曲苑,161.0
2936,都市水乡水月苑,60.8
2937,都市水乡水涟苑,34.666666666666664
2938,都市水乡水清苑,1.0
2939,都市水乡水滟苑,14.75
2940,都市水乡水秀苑,37.72727272727273
2941,都市港湾,44.5
2942,都市知音,5.857142857142857
2943,都市阳光乐苑,57.75
2944,都市阳光华苑,19.4
2945,都市阳光和苑,13.3
2946,都市阳光嘉苑,32.94117647058823
2947,醋坊新村,3.0
2948,采荷东区,16.375
2949,采荷人家,13.166666666666666
2950,采荷大厦,10.0
2951,采荷小区洁莲邨,3.8333333333333335
2952,采荷小区玉荷邨,2.6
2953,采荷小区紫藕邨,2.25
2954,采荷小区红菱邨,10.714285714285714
2955,采荷小区翠柳邨,16.0
2956,采荷小区芙蓉邨,1.5
2957,采荷小区金谷邨,24.0
2958,采荷小区青莼邨,96.0
2959,采荷新村,8.923076923076923
2960,采荷绿萍,57.666666666666664
2961,采荷街道商教苑社区,3.75
2962,采荷路33号,3.0
2963,里东山弄,1.5
2964,里河公寓,0.3333333333333333
2965,野风启城,15.903225806451612
2966,野风山城·泰禾里,1.5
2967,野风春晓,12.853658536585366
2968,野风海天城,9.846153846153847
2969,野风现代中心,12.0
2970,野风珑园,9.857142857142858
2971,野风秋雅,9.194444444444445
2972,金世纪红枫苑,7.266666666666667
2973,金世纪运河丽园,12.0
2974,金典家园,25.0
2975,金凌花园,17.53846153846154
2976,金厦公寓,20.0
2977,金地天逸,19.785714285714285
2978,金地广场,23.142857142857142
2979,金地德圣中心,10.333333333333334
2980,金地格林格林,19.9
2981,金地玖峯汇,25.666666666666668
2982,金地繁华里,23.5
2983,金地自在城东苑,26.9
2984,金地自在城乐活湾,68.7
2985,金地自在城悦活轩,15.285714285714286
2986,金地自在城林溪里,12.823529411764707
2987,金地自在城栖霞居,14.384615384615385
2988,金地自在城求学里,14.0
2989,金地自在城玛瑙湾,12.8
2990,金地自在城鹭影轩,13.826086956521738
2991,金地艺境东区,10.380952380952381
2992,金地艺境西区,13.5
2993,金地西溪风华,8.333333333333334
2994,金地都会钱塘东区,11.818181818181818
2995,金城华府,9.0
2996,金城花园,4.090909090909091
2997,金城阳光苑,1.0
2998,金域三江,6.181818181818182
2999,金域兰庭,6.9523809523809526
3000,金基晓庐,27.0
3001,金基青云山居,1.0
3002,金宇彩虹嘉都,9.1875
3003,金家桥公寓,12.0
3004,金家花园,42.0
3005,金岸提香,34.166666666666664
3006,金峰大厦,72.0
3007,金帝文源广场,5.5
3008,金帝柠檬公寓,7.8
3009,金帝海珀一期,6.466666666666667
3010,金帝海珀二期,10.971428571428572
3011,金帝金色钱塘,30.511111111111113
3012,金帝高新科技广场,7.0
3013,金庆公寓,15.0
3014,金成花园,23.0
3015,金昌春和钱塘,23.52173913043478
3016,金星桃源居,26.571428571428573
3017,金桥社区,13.5
3018,金桥花苑,14.333333333333334
3019,金棕榈花园,23.857142857142858
3020,金欣公寓,4.0
3021,金汇之星,0.5
3022,金汇首府,5.2
3023,金沙公寓,40.0
3024,金沙国际,21.692307692307693
3025,金沙学府,10.7
3026,金沙居,19.75
3027,金沙湖1号,14.285714285714286
3028,金浦明苑东区,24.0
3029,金浦明苑西区,7.75
3030,金海公寓,12.0
3031,金源公寓(余杭),4.75
3032,金源公寓(西湖),36.0
3033,金牛坊,17.0
3034,金牛铭座,2.0
3035,金狮苑,22.142857142857142
3036,金瑞城市风景,28.5
3037,金瑞大厦,14.0
3038,金田花园,18.375
3039,金盛曼城,35.42857142857143
3040,金盾花园,8.666666666666666
3041,金石华城,6.8
3042,金祝新村,7.666666666666667
3043,金祝花园,25.0
3044,金祝西路13号,40.0
3045,金禾嘉园,9.0
3046,金禾嘉苑,1.0
3047,金秋花园,12.428571428571429
3048,金箭公寓,11.0
3049,金色和庄,7.5
3050,金色时代,3.3333333333333335
3051,金色蓝庭,20.0
3052,金色黎明一期,17.41176470588235
3053,金色黎明三期,60.77777777777778
3054,金色黎明二期,19.125
3055,金苑山庄,7.333333333333333
3056,金街美地,79.0
3057,金衙庄公寓,9.0
3058,金辉久尚云筑,2.5
3059,金辉紫雅云邸,3.25
3060,金辉贤林信步,0.0
3061,金逸雅苑,48.0
3062,金都华府,8.5
3063,金都华庭,34.63636363636363
3064,金都城市芯宇,17.133333333333333
3065,金都夏宫,13.771739130434783
3066,金都新城,23.38888888888889
3067,金都梧桐苑,13.8
3068,金都花园,7.0
3069,金都西花庭,16.666666666666668
3070,金都铭苑,6.0
3071,金都雅苑,39.3
3072,金铂湾,4.848484848484849
3073,金阳湾,1.0
3074,金隅中铁诺德都会森林,17.166666666666668
3075,金隅田员外,13.928571428571429
3076,金隅空港公馆,4.930232558139535
3077,金隅观澜时代天筑,23.448275862068964
3078,金隅观澜时代朗轩,16.916666666666668
3079,金隅观澜时代瀚庭,23.6
3080,金隆花园,40.0
3081,金雅苑社区,18.428571428571427
3082,金马公寓,0.5
3083,金马同盛,5.0
3084,金马名仕园,2.6
3085,金鹿雅园,35.0
3086,金鼎华庭一期,10.0
3087,金鼎阳光公寓,16.0
3088,金龙大厦,10.8
3089,鑫福浦园,1.0
3090,鑫运时代金座,9.0
3091,钛合国际,0.0
3092,钱塘ONE,22.571428571428573
3093,钱塘名都,23.25
3094,钱塘大观,31.214285714285715
3095,钱塘帝景,8.848484848484848
3096,钱塘春晓,27.181818181818183
3097,钱塘春晓大厦,7.5
3098,钱塘景苑,28.714285714285715
3099,钱塘梧桐蓝山,12.789473684210526
3100,钱塘滨和花园,26.0
3101,钱塘玫瑰湾,41.833333333333336
3102,钱塘航空大厦,40.0
3103,钱塘雅苑,13.0
3104,钱江七苑,51.0
3105,钱江三苑,7.666666666666667
3106,钱江之江新天地,7.0
3107,钱江四苑东区,11.0
3108,钱江国际商务中心,2.0
3109,钱江国际时代广场,3.0
3110,钱江彩虹府,16.0
3111,钱江御府,17.0
3112,钱江新村一区,3.0
3113,钱江时代公寓,14.142857142857142
3114,钱江水晶城,23.708333333333332
3115,钱江水晶澜轩,66.0
3116,钱江湾花园,20.553571428571427
3117,钱江苑,17.333333333333332
3118,钱江西溪和景,13.5
3119,钱潮花园,9.2
3120,钱王大街1598号,0.0
3121,钱王新村,8.0
3122,钱王街288号,3.0
3123,钱王街767/769号,41.0
3124,钱王街780号,2.0
3125,钱王街840号,0.0
3126,钱盛商厦梦公馆,9.333333333333334
3127,钱神花苑,92.5
3128,钱锦花园,5.866666666666666
3129,钱龙名汇公馆,39.666666666666664
3130,钼铁矿宿舍,7.0
3131,铁岭花园,13.166666666666666
3132,铁建万科江湾城,14.5625
3133,铁流公寓,2.0
3134,铁路新村,2.0
3135,铂悦轩,92.0
3136,铂瑞悦府,3.6666666666666665
3137,铂金名筑,31.9375
3138,铂金时代公寓,10.0
3139,铭和苑探梅坊,36.90909090909091
3140,铭和苑新荷坊,31.0
3141,铭和苑柳翠坊,9.363636363636363
3142,铭和苑桂雨坊,17.80952380952381
3143,铭雅苑东区,12.523809523809524
3144,铭雅苑西区,14.0
3145,铭鹤花园,13.285714285714286
3146,银城青山湖畔,2.5
3147,银杏汇,39.0
3148,银枪新村,15.0
3149,银河商务中心,3.0
3150,银河商务公馆,4.0
3151,银河嘉园,15.125
3152,银河小区,33.23529411764706
3153,银泰海威国际,15.5
3154,银湖花苑,26.714285714285715
3155,银爵世纪公寓,9.642857142857142
3156,银色港湾公寓,13.838709677419354
3157,银都公寓,3.0
3158,银马公寓,22.5
3159,锦南人家,3.0
3160,锦南公寓,5.0
3161,锦南新村,3.75
3162,锦园小区,31.333333333333332
3163,锦城公寓,36.0
3164,锦城新天地购物广场,3.0
3165,锦城街道景杉路791号,16.0
3166,锦城镇城中街227号,19.0
3167,锦天城市花园,1.3333333333333333
3168,锦天花园,2.75
3169,锦尚唐宁郡,4.0
3170,锦峰公寓,0.0
3171,锦昌年华,5.096774193548387
3172,锦昌文华城,4.25
3173,锦昌文华苑,22.428571428571427
3174,锦桥家园,1.0
3175,锦桥路65号,10.0
3176,锦江公寓,6.666666666666667
3177,锦江半岛,36.5
3178,锦江路,33.0
3179,锦润公寓,13.166666666666666
3180,锦溪优樾府,0.0
3181,锦溪公寓,6.5
3182,锦福新村,11.5
3183,锦竹苑,2.5
3184,锦绣兰庭(临安),11.8
3185,锦绣兰庭(富阳),1.3333333333333333
3186,锦绣家园,9.0
3187,锦绣山水苑,4.076923076923077
3188,锦绣文澜阁,1.6666666666666667
3189,锦绣新村,14.666666666666666
3190,锦绣时代中心,10.0
3191,锦绣江南,14.0625
3192,锦绣钱塘,16.363636363636363
3193,锦良嘉苑一区,5.0
3194,锦良嘉苑三区,1.0
3195,锦花苑,21.142857142857142
3196,锦都世家,9.8
3197,锦都嘉园,3.2857142857142856
3198,镇东楼,65.0
3199,镜瑞弄,22.5
3200,镬子山社区,7.666666666666667
3201,长乐北苑,2.0
3202,长乐路20弄,7.0
3203,长兴苑小区,50.583333333333336
3204,长坡里,89.0
3205,长堤明苑,38.0
3206,长宁街,22.666666666666668
3207,长岗家园,14.0
3208,长岛绿园,11.0
3209,长庆街,2.0
3210,长庆里,14.0
3211,长征新村,4.5
3212,长征桥路48弄,1.3333333333333333
3213,长德公寓,12.0
3214,长明寺巷小区,0.0
3215,长春路,110.0
3216,长木新村,2.6666666666666665
3217,长板里,39.0
3218,长江中路160号,24.0
3219,长江小区,8.571428571428571
3220,长江西苑,79.0
3221,长河商厦,33.0
3222,长睦家苑,18.75
3223,长睦邻里人家东苑,8.0
3224,长睦邻里人家西苑,13.2
3225,长睦锦苑,5.333333333333333
3226,长虹苑,47.0
3227,长青嘉苑,5.666666666666667
3228,闲林山水丹枫苑,9.857142857142858
3229,闲林山水木兰苑,17.0
3230,闲林山水梅兰苑,13.0
3231,闲林山水海棠苑,10.428571428571429
3232,闲林山水紫薇苑,16.818181818181817
3233,闸弄口东村,0.0
3234,闸弄口新村,19.625
3235,闸弄口新苑,11.5
3236,闸弄口铁路宿舍,4.0
3237,闻皇庙社区,36.333333333333336
3238,阔板桥社区,7.0
3239,阮家居,1.0
3240,阳光华城华景园,1.8888888888888888
3241,阳光华城华翠园,0.5333333333333333
3242,阳光华庭,7.0
3243,阳光地带花园,9.857142857142858
3244,阳光地带西区,21.0
3245,阳光城上府,35.785714285714285
3246,阳光城上林湖,7.3
3247,阳光城山水悦江府,0.4
3248,阳光城悦景湾,10.461538461538462
3249,阳光城文澜府,68.5
3250,阳光城普升,15.571428571428571
3251,阳光城未来悦MAX,64.25
3252,阳光城檀悦,16.333333333333332
3253,阳光城翡丽湾,11.785714285714286
3254,阳光城西郊半岛,3.6382978723404253
3255,阳光花园,23.333333333333332
3256,阳光苑,4.333333333333333
3257,阳光逸城,9.333333333333334
3258,阳光郡,24.0
3259,阳光里,1.4
3260,阳光银泰城,12.571428571428571
3261,陆家桥新苑,10.0
3262,隆和府,0.0
3263,随塘,13.0
3264,隐龙湾,1.6666666666666667
3265,雅仕苑,16.91304347826087
3266,雅兰公寓,21.5
3267,雅居乐国际花园,9.78688524590164
3268,雅戈尔御西湖,3.5
3269,雅棠轩,1.0
3270,雍和府,3.625
3271,雍景湾(拱墅),15.0
3272,雍景湾(萧山),35.0
3273,雍澜府,0.75
3274,雍熙山庄,14.0
3275,雍荣华庭,14.75
3276,雨润星雨华府,5.555555555555555
3277,雷威沁园,2.2
3278,霞湾巷小区,2.0
3279,青六商务大厦,28.0
3280,青园小区,58.5
3281,青城嘉园,14.5
3282,青城山语间,20.0
3283,青山印象府,3.7454545454545456
3284,青山湖玫瑰园,9.428571428571429
3285,青山鹤岭,11.27450980392157
3286,青年路小区,93.5
3287,青春坊,9.066666666666666
3288,青春都市公寓,7.0
3289,青枫墅园,16.2
3290,青枫墅园三期,7.536585365853658
3291,青枫墅园二期-鹭语阁排屋,9.714285714285714
3292,青莎阁,5.0
3293,青蓝雅苑,58.0
3294,青龙公寓,16.666666666666668
3295,静安花苑,6.75
3296,静怡花苑,26.75
3297,韩家弄,14.5
3298,顺发吉祥半岛,16.7
3299,顺发和美家,32.2
3300,顺发堤香,20.833333333333332
3301,顺发康庄,14.727272727272727
3302,顺发恒园,15.875
3303,顺发旭辉国悦府,30.333333333333332
3304,顺发旺角城,7.0
3305,顺发旺角城二期,10.25
3306,顺发江南丽锦,18.666666666666668
3307,顺发美哉美城,24.3125
3308,顺昌花园,19.46153846153846
3309,顺达丁香苑,7.4
3310,顺达花苑东区,40.57142857142857
3311,顺达花苑西区,13.0
3312,领骏世界,9.166666666666666
3313,颐和山庄,17.73076923076923
3314,颐和花园,11.857142857142858
3315,颐景园,16.823529411764707
3316,颐景山庄,11.961538461538462
3317,风尚蓝湾,5.96969696969697
3318,风情街小区,87.75
3319,风景大院,52.333333333333336
3320,风景蝶院留园,25.958333333333332
3321,风清苑,4.0
3322,风雅乐府,11.8
3323,风雅钱塘,15.64
3324,飞虹丁香花园,2.0625
3325,飞鸟客,29.0
3326,首开·德胜上郡,11.909090909090908
3327,首开东城金茂府,41.333333333333336
3328,首开国风美域,47.75
3329,首开望宸,19.615384615384617
3330,首开杭州金茂府,71.5
3331,香吉公寓,8.0
3332,香山人家,6.0
3333,香山四季公馆,11.666666666666666
3334,香格名苑,7.666666666666667
3335,香榭里花园,18.318181818181817
3336,香樟公寓,23.36
3337,香樟名苑,9.0
3338,香洲里,27.0
3339,香港兴业耦园,53.833333333333336
3340,香源公寓,0.0
3341,香溢公寓,2.0
3342,香溢花园,1.0
3343,香滨湾花园,19.8
3344,香石公寓,16.5
3345,马也美上,7.0
3346,马塍路11号,16.333333333333332
3347,马塍路13号,6.333333333333333
3348,马塍路16号,1.0
3349,马塍路19号,4.0
3350,马塍路29号,3.0
3351,马塍路32号,10.2
3352,马塍路33号,4.5
3353,马塍路35号,14.0
3354,马塍路4号,3.5
3355,马塍路8号,6.25
3356,马家弄21.22.25号,28.0
3357,马市街,8.142857142857142
3358,马溪东苑,1.0
3359,马溪苑,9.333333333333334
3360,骆驼桥东河下,119.0
3361,高官弄公寓,2.0
3362,高教新村,19.904761904761905
3363,高桥小区,3.769230769230769
3364,高沙百盛苑,8.0
3365,高润云杉郡,14.372093023255815
3366,高第府,23.6
3367,高运学林尚苑,3.5
3368,高运尚悦府,9.0
3369,高运莱茵传奇,11.333333333333334
3370,高运锦园,29.0
3371,高运高庄,4.75
3372,鸡鹅市弄,3.0
3373,鸥江公寓,6.0
3374,鸿兴城巧克力公馆,26.9
3375,鸿港华庭,48.0
3376,鸿盛家园,0.8
3377,鹳山社区,1.0
3378,鹿山时代,3.75
3379,麒麟街小区,5.333333333333333
3380,麓园,7.04
3381,黄姑山小区,22.0
3382,黄姑山庄,13.0
3383,黄姑山路22号,23.0
3384,黄工厂弄,1.5
3385,黄醋园,0.0
3386,黄金水岸,6.0
3387,黄鹤山居,11.333333333333334
3388,黄龙公寓,22.5
3389,黄龙金茂悦,29.625
3390,黄龙雅苑,19.8
3391,黎明园,8.5
3392,鼎和金座,0.0
3393,龙华巷4到11号,7.0
3394,龙发花园,2.5
3395,龙山化工总厂厂区,12.0
3396,龙沁城,2.7837837837837838
3397,龙湖名景台一期,3.3333333333333335
3398,龙湖名景台二期,32.857142857142854
3399,龙湖天钜,19.0
3400,龙湖旭辉春江悦茗,24.8
3401,龙湖春江天玺,2.25
3402,龙湖春江彼岸,21.12727272727273
3403,龙湖春江郦城,15.11111111111111
3404,龙湖武林九里,25.61904761904762
3405,龙湖水晶郦城,9.31578947368421
3406,龙湖江与城,12.333333333333334
3407,龙湖滟澜山丽轩一期,14.625
3408,龙湖滟澜山澜轩,30.818181818181817
3409,龙湖滟澜山茗轩南区三期,27.333333333333332
3410,龙湖滟澜星座,12.411764705882353
3411,龙湖璟宸府,11.5
3412,龙湖紫金上城,17.0
3413,龙湖郦城公馆,7.666666666666667
3414,龙湖香醍溪岸,17.53846153846154
3415,龙王塘路,44.0
3416,龙王塘路59号,33.0
3417,龙王塘路81号,0.0
3418,龙王塘路90号,19.0
3419,龙祥城市花园,1.0
3420,龙禧boss港,27.95
3421,龙禧大酒店,4.8
3422,龙翔•秋月苑,1.0
3423,龙锦苑,57.75
3424,龙门公寓,0.0
