,小区名称,小区平均房价
0,O纪元,33024.0
1,一方大厦,14704.333333333334
2,一清新村,42711.166666666664
3,丁桥东兰轩,27100.0
4,丁桥兰苑,26195.296296296296
5,丁桥大唐苑,27425.333333333332
6,丁桥家苑,29415.5
7,丁桥景园北苑,25466.0
8,丁桥景园南苑,27540.5
9,丁桥颐景园,33650.5
10,丁衙巷,38710.0
11,丁香紫庭,24760.0
12,七古登市教委宿舍,35121.0
13,万乐园,13014.0
14,万乐西园,12596.5
15,万众名府,30036.0
16,万华茗楼,18689.0
17,万向城市花园,24341.714285714286
18,万和国际,59389.142857142855
19,万和玺园,64236.8
20,万塘路300号,44385.666666666664
21,万安城市花园东苑,53942.0
22,万安城市花园南苑,51630.8
23,万安城市花园西苑,49372.0
24,万安景月湾,79678.0
25,万安秀水山庄,43097.846153846156
26,万宝城,15634.8
27,万家星城一期,56615.9375
28,万家星城三期,59928.31578947369
29,万家星城二期,59009.0
30,万家花园万和苑,46434.5
31,万家花园家和苑,49443.5
32,万家花园欣和苑,48562.75
33,万家花城一期,65821.6
34,万家花城二期,68121.8
35,万星碧云天公寓,27484.7
36,万松岭路80号,37480.0
37,万泰华庭,20216.571428571428
38,万泰城章,26965.17391304348
39,万泰新语,34297.333333333336
40,万盛商贸城公寓,14901.25
41,万科中央公园,65086.25
42,万科公园大道,47514.625
43,万科公望,51672.75
44,万科劝学里,35854.5
45,万科北宸之光一期,41824.75
46,万科北宸之光三期拱宸,42365.769230769234
47,万科北宸之光二期,43998.75
48,万科名城博园,30326.260869565216
49,万科君望,24131.466666666667
50,万科坤和玉泉,56943.8
51,万科城市之光,44517.117647058825
52,万科大家世纪之光,60841.066666666666
53,万科大家九都会,26176.222222222223
54,万科大家钱塘府,80965.0
55,万科大溪谷,39540.75
56,万科容大金色家园,30299.636363636364
57,万科富春泉水湾,21532.666666666668
58,万科星空,68079.85714285714
59,万科智谷,23691.0
60,万科未来之光,24296.0
61,万科未来城三期梦溪里,43640.555555555555
62,万科未来城二期,39768.666666666664
63,万科杭宸一期,53603.0
64,万科杭宸二期,48801.75
65,万科桂语里,63211.0
66,万科海上明月,49401.92307692308
67,万科溪望,68148.75
68,万科玖望,29679.11111111111
69,万科璞悦湾,60666.333333333336
70,万科紫台,39921.6
71,万科缦云坊,34798.333333333336
72,万科良渚文化村堂前,43108.5
73,万科良渚文化村未来城,39383.642857142855
74,万科良渚文化村秋荷坊,45781.1
75,万科草庄,44948.22222222222
76,万科融信西雅图,52678.0
77,万科西庐一期,81736.33333333333
78,万科西庐二期,82490.0
79,万科逸天广场,33975.94285714286
80,万科郡西澜山,46040.6
81,万科金色城品,54087.0
82,万科金辰之光,48832.13333333333
83,万科魅力之城,30968.85714285714
84,万美摩登中心,19143.0
85,万象城悦府,108405.0
86,万象城悦玺,65872.0
87,万通中心,23666.0
88,万通时尚公馆,45146.916666666664
89,万都晶座,15646.0
90,万锦山庄,21321.0
91,万陈花苑,20261.0
92,万隆公寓,13895.0
93,万马伊顿庄园,21738.428571428572
94,万马樱花公馆,16371.90909090909
95,万马路19号,13168.5
96,三华园,45430.333333333336
97,三塘人家,41050.0
98,三塘兰园,37387.5
99,三塘北村,35872.666666666664
100,三塘南村,34120.71428571428
101,三塘柳园,36701.0
102,三塘桂园,37834.142857142855
103,三塘桃园,36703.555555555555
104,三塘樱园,37663.6
105,三塘汶园,35705.666666666664
106,三塘沁园,38334.6
107,三塘竹园,37882.0
108,三塘高层公寓,27896.5
109,三墩景溪北苑,32542.166666666668
110,三墩景溪南苑,30756.8
111,三墩美都公寓,34047.0
112,三墩颐景园,45099.2
113,三宝新村,35785.666666666664
114,三槐里,71348.0
115,三水一生,19258.478260869564
116,三江新村,25003.666666666668
117,三江花园(萧山),25311.566666666666
118,三江花园道壹号,72075.0
119,三江鸣翠桃源,17742.478260869564
120,三江鸣翠蓝湾,23693.756756756757
121,三盛颐景御园,45771.333333333336
122,三联嘉苑,12152.2
123,三花国际大厦,30599.285714285714
124,三里亭一区,36487.11111111111
125,三里亭苑三区,36543.0
126,三里亭苑二区,36645.0
127,三里亭苑四区,35722.11111111111
128,三里家园一区,33897.0
129,三里家园三区,34509.375
130,三里家园二区,37734.2
131,三里新城兰苑,40244.57142857143
132,三里新城桂苑,37832.46153846154
133,三里新城橘苑,39166.666666666664
134,三里新城竹苑,37647.666666666664
135,三里新城荷苑,41149.0
136,上亿中央郡,28061.666666666668
137,上八界巷2-6号,43075.0
138,上宁新村,90935.0
139,上实海上海一期,37957.27777777778
140,上尚庭,71661.3
141,上岛公馆,67536.5
142,上林湖,34749.0
143,上水陆寺巷,45850.0
144,上沙锦湖家园,33576.666666666664
145,上焦营巷,55104.0
146,上郡,72714.6
147,上陈家园,41711.333333333336
148,下宁巷,111345.91666666667
149,下沙幸福雅苑,31724.5
150,下沙文汇苑,28129.333333333332
151,下沙铭都雅苑,34882.75
152,世嘉君座,35656.705882352944
153,世嘉铭座,27566.5
154,世纪嘉园,20897.333333333332
155,世纪嘉园晴彩巴厘,22704.576923076922
156,世纪坊,57095.833333333336
157,世纪广场小区,24226.0
158,世纪新城东区,66187.5
159,世纪新城西区,66766.0
160,世纪晶钻,18557.5
161,世纪都市雅苑,19077.25
162,世茂东壹号,49866.166666666664
163,世茂之西湖,39776.229166666664
164,世茂智慧之门,36367.107142857145
165,世茂江滨商业中心,15133.106666666667
166,世茂江滨花园峻景湾,27034.41891891892
167,世茂江滨花园瑞景湾,29174.8
168,世茂江滨花园碧景湾,29945.5
169,世茂钱塘天誉,72477.0
170,世贸丽晶城,110057.0
171,世贸丽晶城欧美中心,29987.5
172,东亚新干线,24086.333333333332
173,东信莱茵园,27141.5
174,东冠逸家,24187.5
175,东冠逸景花苑,27471.052631578947
176,东华苑,32269.0
177,东南钱江蓝湾,31562.727272727272
178,东原印未来,82620.0
179,东原旭辉璞阅,33013.0
180,东厦东港花苑,22536.90625
181,东吴商城,29208.5
182,东和云第,41594.59259259259
183,东和时代,26799.6
184,东哲云邸,28371.0
185,东园小区,42348.38888888889
186,东园巷,38653.0
187,东城丽景,25637.967741935485
188,东城印象公寓,54460.5
189,东安景苑,21140.666666666668
190,东小河公寓,16150.555555555555
191,东山花苑,18534.0
192,东新关,35772.6
193,东新园东荷星苑,39289.0
194,东新园孚信苑,37074.42857142857
195,东新园新湖苑,35932.0
196,东新园望景苑,36638.5
197,东新园茗盛苑,35520.25
198,东新园雪峰苑,36029.90909090909
199,东新府,48216.25
200,东方一号,56108.0
201,东方一品公寓,38722.75
202,东方丽都花苑,45069.0
203,东方俊园,19621.11111111111
204,东方君悦,41180.57142857143
205,东方商务会馆,28595.933333333334
206,东方御府,101051.5
207,东方文化园步行街,12089.25
208,东方新村,21884.0
209,东方时代中心,23826.5
210,东方水岚佳苑,28374.571428571428
211,东方润园,118815.0
212,东方福邸,79194.625
213,东方豪园,36324.0
214,东方铭楼,19230.571428571428
215,东日晴好,34140.0
216,东旸桥公寓,27824.333333333332
217,东晖龙悦湾,20900.238095238095
218,东河锦园,55679.333333333336
219,东海·闲湖城,40235.642857142855
220,东海未名园,31244.052631578947
221,东海柠檬郡,33616.41379310345
222,东海水景城,29090.809523809523
223,东海水漾人家,21778.090909090908
224,东海花园,23327.8
225,东海闲湖城印象加州,34171.666666666664
226,东润枫华,70876.6
227,东清大厦,39743.333333333336
228,东清巷,43095.333333333336
229,东港嘉苑二区,35028.0
230,东湖中路175号,20273.6
231,东湖中路92号,20187.4
232,东湖公寓,17364.0
233,东田怡丰城,25525.39285714286
234,东田擎天半岛,24564.64
235,东田玉城,26967.0
236,东石塘,15202.0
237,东茂苑,39429.142857142855
238,东藩小区,15661.666666666666
239,东裕华庭,14459.862068965518
240,东都公寓,31177.88888888889
241,东都府,25654.0
242,东门公寓,27073.666666666668
243,丝织弄59号,22964.5
244,严官巷,37244.0
245,严村里,25498.0
246,严衙弄,38735.0
247,中交悦西溪,76355.33333333333
248,中企艮山府,68106.83333333333
249,中光花园,17541.5
250,中兴.金盛苑,19341.5
251,中兴九洲芳园,36683.75
252,中兴公寓,44453.5
253,中兴和园,34197.26829268293
254,中兴御田清庭,34090.5
255,中兴文都苑,49606.333333333336
256,中兴花园,50908.555555555555
257,中兴花园百合苑,50615.0
258,中冶锦绣华府,75451.0
259,中北花园,52030.0
260,中北西子花园,39122.5
261,中南公寓,42517.5
262,中南樾府,70034.0
263,中南白马湖壹号,45032.88888888889
264,中和北宸府,25727.416666666668
265,中园花苑,27864.0
266,中国铁建保利像素,29366.57894736842
267,中国铁建国际城,67198.57142857143
268,中国铁建江南国际城,52556.90909090909
269,中国铁建西湖国际城,54933.833333333336
270,中国铁建青秀城,51451.625
271,中城汇MIDTOWN,61175.333333333336
272,中大凤栖花园,53225.11111111111
273,中大文锦苑,112838.2
274,中天·富春诚品北区,24711.81818181818
275,中天万科启宸,23441.583333333332
276,中天之江诚品,46892.75
277,中天九溪诚品,64832.11111111111
278,中天官河锦庭,58878.35
279,中天富春诚品,23764.81818181818
280,中天珺府,24167.06
281,中天西城纪,24638.666666666668
282,中奥江锦国际,19848.125
283,中尚橄榄树花园（北区）,25616.785714285714
284,中尚橄榄树花园（南区）,25747.454545454544
285,中山中路,42716.0
286,中山中路312-404号,70498.0
287,中山北园,45663.916666666664
288,中山北路123号,51619.0
289,中山北路小区,42357.5
290,中山御庭,44659.0
291,中山花园,35070.0
292,中山苑,36124.0
293,中山路12-3号,22281.0
294,中庆润泽院,24280.821428571428
295,中惠家园,22529.0
296,中意名仕苑,31762.5
297,中新御景湾,27806.555555555555
298,中旅城仕公馆,40030.26666666667
299,中旅紫金名门,54220.17647058824
300,中栋国际,32421.615384615383
301,中梁百悦城,25934.21052631579
302,中水花苑,18513.0
303,中江花园,43720.42857142857
304,中沙东岸嘉园一区,30527.0
305,中沙东岸嘉园三区,34104.666666666664
306,中沙东岸嘉园二区,36473.666666666664
307,中河中路,89879.0
308,中海定山府,35701.5
309,中海御道,103245.18181818182
310,中海紫藤苑,49975.083333333336
311,中海西溪华府,77025.95652173914
312,中海金溪园,54256.5
313,中海钱塘山水,60808.68
314,中港罗兰小镇,32907.0
315,中粮云涛名苑,32502.214285714286
316,中粮方圆府,56623.0
317,中粮方圆金街,19185.0
318,中粮梦栖祥云,38234.2
319,中融城市花园,50833.25
320,中誉万豪广场,19081.8
321,中誉现代城,28154.0
322,中豪七格,20472.45945945946
323,中豪四季公馆,35228.10526315789
324,中豪国际,23201.0
325,中豪晴园,94778.66666666667
326,中豪湘和国际,32386.0
327,中赢云际,52489.692307692305
328,中赢康康谷,36209.46341463415
329,中赢时代风景,17838.7
330,中都广场,19215.0
331,中铁九逸,23978.558139534885
332,中铁诺德雅逸府,27510.666666666668
333,中骏.骏澜湾,22054.0
334,中骏柏景湾,20331.533333333333
335,丰乐公寓,51624.0
336,丰家兜12号,38984.5
337,丰梅路10-21号,21388.666666666668
338,丰泽苑(临安),13456.833333333334
339,丰泽苑(富阳),21856.333333333332
340,丰禾巷,38785.0
341,丰隆百翘香江,28732.190476190477
342,临东家园,19208.428571428572
343,临东小区,13716.25
344,临云山庄,27728.0
345,临和家苑北区,19717.5
346,临城花苑,18177.166666666668
347,临天七弄,12828.0
348,临天九弄,12941.333333333334
349,临天八弄31号,12486.0
350,临天十弄,14000.0
351,临天路2065号,14477.0
352,临天路一弄,13651.0
353,临安人家,13002.363636363636
354,临安商城,11080.0
355,临安大厦,17056.4
356,临平山庄,29272.5
357,临平桂花城北区,25807.38888888889
358,临平桂花城南区,30406.166666666668
359,临水路,14666.333333333334
360,临水路42-48号,15091.0
361,临水路62-68号,15427.0
362,临水路78-86号,16161.5
363,临江佳苑,13951.142857142857
364,临江时代花苑,14978.0
365,临江花园,37333.14864864865
366,临江风帆公寓,52716.0
367,临浦临水苑,16963.75
368,临浦景泰公寓,17877.833333333332
369,临溪佳苑,20245.5
370,临雅苑,21022.5
371,丹枫新村,39200.0
372,丹桂公寓,50607.0
373,丽华公寓,19596.0
374,丽景西苑,79184.0
375,丽晶国际,36406.75
376,丽晶湾,54457.0
377,丽江公寓,43933.75
378,丽都公寓,26998.0
379,丽阳苑,77243.75
380,久睦苑,28071.076923076922
381,义井巷,42196.0
382,义新街,16202.0
383,义桥商贸中心,11498.0
384,义桥金属材料市场,14761.0
385,义蓬中路,18562.0
386,义蓬购物中心,12634.333333333334
387,之江之芯,26541.0
388,之江九里,59142.52380952381
389,之江公寓,40089.22222222222
390,之江富城,18171.0
391,之江绿洲嘉园,33852.0
392,之江花园,44339.333333333336
393,之江铭楼,10878.642857142857
394,乌龙巷,38665.0
395,乐山嘉苑,25976.0
396,乐汇城,17293.655172413793
397,乐淘城,58629.07142857143
398,乐苑小区,17869.2
399,乔司商贸苑,17842.88888888889
400,九堡东方公寓,26855.0
401,九堡明珠公寓,29967.0
402,九州星座,14849.5
403,九悦江南,19347.333333333332
404,九曲营小区,19769.363636363636
405,九月庭院,31137.55
406,九月森林,45787.5
407,九树公寓,81987.0
408,九浪山花园,14359.888888888889
409,九溪民航宿舍,46694.0
410,九溪玫瑰园,57638.666666666664
411,九莲新村,49340.666666666664
412,九衡公寓,29223.346153846152
413,九豪庄园,14399.333333333334
414,九龍一號,28125.5625
415,九龙仓世纪华府,25247.6
416,九龙仓君廷,21189.70588235294
417,九龙仓君玺,97794.0
418,九龙仓珑玺,71779.85714285714
419,九龙仓碧玺,96146.46153846153
420,九龙仓雍景山,27873.446428571428
421,九龙公寓,12723.5
422,九龙山庄,30761.6
423,书林苑,23190.272727272728
424,乾成园,34881.42857142857
425,二凉亭,59694.333333333336
426,二圣庙前,49262.0
427,二棉路,28952.0
428,云亭公寓,25252.0
429,云厦连园,47893.875
430,云栖蝶谷,71999.5
431,云水山居,16592.188679245282
432,云水湾,19608.1
433,云河大厦,35923.0
434,云河福邸,23116.375
435,云溪印象,15644.0
436,云溪新语,55294.666666666664
437,云溪香山,33408.31034482759
438,云裳公寓,48046.333333333336
439,云雀苑,39915.5
440,云龙公寓,44113.25
441,云龙十一景,60831.6
442,五一新村,37586.0
443,五圣堂,36708.0
444,五月花城,21418.727272727272
445,五月香山,24500.8
446,五洋东湖春天,21086.25
447,五洋嘉景苑,53704.0
448,五洋运河人家,39768.833333333336
449,五洲国际广场,23494.5
450,五福里,75995.0
451,五里塘苑,43586.0
452,井泉苑,24995.85714285714
453,亚洲城花园,38863.38888888889
454,交通宿舍,24279.0
455,京惠花园,38500.375
456,京明凤凰家园,14917.5
457,京港国际,34567.0
458,京都苑,38705.666666666664
459,亲亲家园一期,33334.625
460,亲亲家园三期,33974.148148148146
461,亲亲家园二期,32952.794117647056
462,亲亲家园四期,40018.53846153846
463,亲仁里,39991.13333333333
464,亲和家园,11527.0
465,人和家园,26988.5
466,人民路1051号,13734.0
467,人民路10号,36314.666666666664
468,人民路19号(西兴路),39144.0
469,人民路203号,29379.0
470,人民路23号,32107.0
471,人民路66号,35348.0
472,亿丰蔚蓝郡,34078.05882352941
473,仁合银庭,21054.333333333332
474,仁和金鼎公寓,22306.333333333332
475,仁寿山,73471.0
476,仁惠家园,20411.0
477,仁苑,48104.63636363636
478,今日嘉园,99098.0
479,仓乐雅苑,33628.0
480,仓基新村,48589.5
481,仓溢绿苑,41678.666666666664
482,仙林苑,65704.66666666667
483,伊世纪城市花园,20071.533333333333
484,伊世纪城市花园一区,18258.333333333332
485,伊甸山庄,23998.125
486,伊萨卡国际城排屋,45581.0
487,伊萨卡国际城浩泽园,28864.645833333332
488,伊萨卡国际城绮风园,27248.363636363636
489,伊萨卡国际城鹭江园,28958.125
490,众孚水榭花都,18055.625
491,众安嘉润公馆（杭州国际办公中心）,37340.53846153846
492,众安国泰花园,27613.1875
493,众安学君里,32727.125
494,众安山水苑一期,25075.0
495,众安景海湾,29634.074074074073
496,众安朝阳8号,35351.25
497,众安理想湾,22566.342105263157
498,众安白马山庄,30575.428571428572
499,众安白马御府,41992.4
500,众安花园,24416.0
501,会馆弄18号,13990.0
502,佑圣观路38号,49649.0
503,佑圣观路44号,39487.0
504,体育场路178-418号,35197.0
505,体育场路2-70号,38431.166666666664
506,体育场路470号,105864.0
507,体育场路71-176号,43311.71428571428
508,余之城,30635.666666666668
509,余官巷,57945.0
510,佳丰北苑,54155.0
511,佳兆业君汇上品,29496.285714285714
512,佳兆业玖珑山,40668.25
513,佳兆业西溪璞园,41456.153846153844
514,佳合苑,19571.75
515,佳境天城人合苑,40299.0
516,佳境天城佳合苑,41287.42857142857
517,佳境天城境合苑,50927.833333333336
518,佳境天城天合苑,52205.0
519,佳境天城成合苑,37512.4
520,佳居园,25082.0
521,佳源优优锦城,17851.571428571428
522,佳源名城,26309.875
523,佳源未来府,35982.6
524,佳源西溪印象,118582.0
525,佳维新苑,21870.0
526,佳肴弄,20514.333333333332
527,依锦苑,28087.0
528,保亿丽景山,46990.205882352944
529,保亿风景晨园,26420.166666666668
530,保亿风景蝶院观园,39531.03846153846
531,保亿麓语湖苑,24294.74193548387
532,保俶北路101号,83270.0
533,保俶北路82号,82290.33333333333
534,保俶北路90号,67950.0
535,保俶北路99号,82982.0
536,保俶路,78081.25
537,保俶路91号,75298.0
538,保健路,24487.0
539,保健路138-170号,19797.333333333332
540,保利东湾,29720.328358208953
541,保利中央公馆,77011.78571428571
542,保利城市果岭,31279.37837837838
543,保利梧桐语,44401.57142857143
544,保利江语海,47660.836734693876
545,保利湾天地,14676.438356164384
546,保利湾天地二期,15241.921875
547,保利滨江上品,124835.0
548,保利玫瑰湾,30950.25581395349
549,保利罗兰香谷,30890.39285714286
550,保利融信大国璟,55163.75
551,保利霞飞郡,43089.09090909091
552,保利香槟国际,75305.16666666667
553,保安桥河下,39109.75
554,信义坊,42737.6
555,信余里,43458.5
556,信步闲庭,60644.0
557,信融御金台,44294.0
558,信达柳郡,30914.5
559,信鸿花园北区,40202.88888888889
560,信鸿花园南区,35446.2
561,候潮公寓,41643.7
562,倾城之恋,62391.40909090909
563,假山新村,50826.857142857145
564,假山路5弄,42438.0
565,健康公寓,56793.0
566,元成东盛家园,27677.555555555555
567,元成时代中心,18675.0
568,元都新景公寓,31220.3
569,元都新苑,31592.0
570,光复路146-186号,73407.66666666667
571,光明尚海湾,32105.076923076922
572,光明逸品春江,21003.652173913044
573,光辉岁月,48958.25
574,克拉公馆,37005.0
575,八丈井新村,56577.92857142857
576,八卦新村,37170.0
577,公元名家,23687.0
578,公元沐桥,74024.0
579,公园城,18679.363636363636
580,公园家南区,18596.21052631579
581,公望金钰府,30393.0
582,六和源,46537.666666666664
583,六圣堂,40197.0
584,六塘公寓,35432.857142857145
585,六眼井,38214.0
586,兰庭国际,80741.5
587,兰惠家园,21404.375
588,兰韵天城,48059.6
589,兴和公寓,42976.666666666664
590,兴安公寓,20649.0
591,兴惠家园,38018.0
592,兴泰花苑,14949.4
593,兴盛花园,29770.0
594,兴耀星悦湾,23022.666666666668
595,兴耀鑫都汇,31476.76
596,兴财名都苑,70979.75
597,农业厅第三住宅区,38569.0
598,农机总站宿舍,18427.0
599,农港苑,30435.666666666668
600,冠宇隽园,33377.86666666667
601,冠山小区,34981.5
602,冠苑小区,88007.07142857143
603,凤亭院,35956.666666666664
604,凤仪家园,21323.4
605,凤凰北苑,66232.88888888889
606,凤凰南苑,60232.181818181816
607,凤凰城广场,31958.8
608,凤城花苑,23562.0
609,凤山新村,54055.0
610,凤山花苑,54181.6
611,凤浦小区,18042.5
612,凤溪花苑,17340.0
613,凤溪路211号,17764.333333333332
614,凤起商务大厦,23559.0
615,凤起桥河下,56408.75
616,凤起苑,47391.5
617,凤起都市花园,52020.2
618,凤鸣苑,51908.0
619,凯丽晶座,23919.47619047619
620,凯喜雅锦河湾,39707.0
621,凯德湖墅,74567.5
622,凯德视界,48616.0
623,凯悦花园,31604.0
624,凯文和平雅苑,23449.333333333332
625,凯文杭庄,22537.7
626,凯旋新村,54281.0
627,凯旋路104号,48792.0
628,凯旋路112号,47152.666666666664
629,凯旋路166号,35231.0
630,凯旋路168号,35248.0
631,凯旋路184号,37389.0
632,凯林巷,44978.0
633,凯瑞金座,26811.75
634,刀茅巷173-178号,40082.0
635,刀茅巷20-79号,35086.0
636,创世邸,89689.4
637,创客空间大厦,26538.75
638,利二花苑,54093.0
639,利兹城市公寓,52939.0
640,前新福苑,15201.0
641,前湾国际社区,41227.0
642,力达易居时代,18980.85714285714
643,劳动路,60919.5
644,劳工弄,66280.0
645,勤丰小区,64907.4
646,勤俭弄,12076.0
647,勾庄佳苑,32585.666666666668
648,化纤新村,59757.666666666664
649,北国之春人家,38598.0
650,北城枫景园,28525.714285714286
651,北城芳满庭,34812.75
652,北城铭苑,32810.8
653,北大街,17946.5
654,北大资源未名府,56947.857142857145
655,北干一苑,30895.823529411766
656,北干二苑,25775.0
657,北干二苑新安寓,32504.846153846152
658,北干山南路37号,26579.0
659,北庙北弄,20674.8
660,北景园月桂苑,29652.25
661,北景园水镜苑,28604.0
662,北景园竹邻苑,33560.666666666664
663,北景园紫荆苑,27459.4
664,北景园芳洲苑,30535.636363636364
665,北景园荷风苑,28493.333333333332
666,北景园莲趣苑,32482.0
667,北景园菊香苑,29492.272727272728
668,北润家园,16376.8
669,北湖绿洲花园,22330.8
670,北秀向阳苑南区,19979.0
671,北秀向阳苑西区,20434.0
672,北秀蓝湾花苑,22614.464285714286
673,北苑丽城,17984.666666666668
674,北苑新村,17132.0
675,北落马营,38594.0
676,北辰奥园,29947.2
677,北银公寓,27258.416666666668
678,十五奎巷,42158.0
679,十五家园,43160.833333333336
680,十亩田家园,43033.444444444445
681,十里风荷,64337.0
682,半山路,30545.0
683,半岛国际,68422.27777777778
684,半岛花园,28947.75
685,半道红小区,40948.8
686,华东园,44971.0
687,华丰新村,37730.0
688,华元云水苑,24097.260869565216
689,华元十六街区,14542.038461538461
690,华元欢乐城,20543.5
691,华元玉榕庄,45784.4
692,华元美林公馆,42975.75
693,华元花涧堂,35142.75
694,华元蒙卡岸,38970.142857142855
695,华元西溪欢乐城,19028.625
696,华克公寓,23687.5
697,华兴公寓,17451.0
698,华兴名盛苑,15379.0
699,华励花苑,20367.0
700,华城格之林花园,23001.5
701,华夏之心,58323.0
702,华夏四季,62657.0
703,华天苑,27368.25
704,华宇家园,19764.5
705,华家弄,14182.0
706,华家池,41706.71428571428
707,华庭云顶,17811.25842696629
708,华惠家园,14967.333333333334
709,华星公寓,37773.0
710,华星路97号院,33405.0
711,华枫名苑,24645.25
712,华江宿舍,36739.0
713,华海园,68184.6
714,华润翠庭,33086.0
715,华清山庄,50248.5
716,华特山庄,32314.0
717,华瑞中心,21521.333333333332
718,华瑞晴庐,39678.69565217391
719,华瑞湘湖林语,27016.166666666668
720,华瑞湘湖美地,29770.16
721,华瑞锦鸿苑,14678.75
722,华盛星洲翠谷,24989.0
723,华盛达堂巢,23335.0
724,华盛达阅城,51671.583333333336
725,华立和郡,23791.4
726,华立江南水乡,65269.75
727,华立金顶苑,58261.4
728,华策中心,34507.833333333336
729,华艺星座,24739.75
730,华苑公寓,83198.57142857143
731,华藏寺巷,41435.5
732,华远大厦,39583.4
733,华门世家,43651.2
734,华门自由21世纪,56857.57142857143
735,华顺公寓,29522.0
736,华鸿汇盛德堡,29214.0
737,华鼎君临天峯,33718.666666666664
738,华鼎豪园,25639.666666666668
739,华龙家园,54070.0
740,协安紫郡,55828.21052631579
741,协安蓝郡,42625.181818181816
742,卓越明熙府,28783.5
743,卓越蔚蓝领秀一期,31218.555555555555
744,卓越蔚蓝领秀二期,28021.333333333332
745,南光坊,48168.0
746,南北乐章,30013.0
747,南北盛德国际,17544.0
748,南北西岸,74789.57142857143
749,南城景园,20695.833333333332
750,南大街,20192.0
751,南安,27580.75
752,南安新苑,21712.8
753,南山路260号,74387.0
754,南岸晶都花园,38765.12962962963
755,南岸花城,27947.5
756,南岸风景,18286.0
757,南峰公寓,28865.0
758,南市花园,33194.5
759,南方公寓,11933.0
760,南星公寓,39598.666666666664
761,南欣公寓,23960.0
762,南江公寓,25355.0
763,南江商业中心,17776.8
764,南沙新苑,15557.0
765,南洋名都,15404.0
766,南润名座,15901.333333333334
767,南渠社区南渠街,26237.0
768,南湖丽景,33100.25
769,南湖明筑花苑,28320.0
770,南班巷,40593.5
771,南秀苑,12918.0
772,南肖埠北景东苑,40723.0
773,南肖埠北景西苑,39821.25
774,南肖埠小区庆春苑,46675.94736842105
775,南肖埠御景苑,64629.25
776,南肖埠文景苑,54895.666666666664
777,南肖埠景和苑,48524.5
778,南肖埠社区,41264.692307692305
779,南苑一区,21269.0
780,南苑二区(临安),14465.5
781,南苑二区(余杭),21453.666666666668
782,南苑小区,15767.458333333334
783,南都德迦东区,55213.875
784,南都德迦西区,46516.57142857143
785,南都江滨花园,50439.57142857143
786,南都花园,60599.28571428572
787,南都花园别墅,77378.16666666667
788,南都银座公寓,35652.0
789,博印名邸,31348.25
790,厚诚公寓,27840.2
791,厚诚桥村,31836.0
792,厚诚路110号,34114.0
793,原筑壹号,30527.37837837838
794,原舍花苑,21414.2
795,友谊新村,84372.5
796,双牛大厦,21475.0
797,双眼井巷,46881.0
798,双菱新村,58499.230769230766
799,双菱路179号,40803.0
800,发展公寓,24051.875
801,古塘路30号,38821.0
802,古新路,39332.0
803,古荡新村东区,42000.1875
804,古荡新村西区,41045.93103448276
805,古荡桥,54292.0
806,史家埭路小区,20868.5
807,叶家弄,43895.0
808,叶青苑,40151.0
809,叶青随苑,46322.0
810,合丰花苑,22725.0
811,合丰花苑北区,20159.0
812,合景叠彩园,59917.35294117647
813,合景天峻,53603.8
814,合景天誉,45550.5
815,合景天銮,75442.0
816,合景映月台,64017.05
817,合景瑜翠园,58125.666666666664
818,吉兴公寓,47682.0
819,吉如家园,55854.8
820,吉庆院,37348.61538461538
821,同人山庄,27325.0
822,同人春江时代花园,60401.75
823,同人精华,22636.666666666668
824,同和公寓,26911.153846153848
825,同和里,119959.0
826,同城印象花苑东区,32386.916666666668
827,同城印象花苑北区,41479.642857142855
828,同城印象花苑西区,34294.4
829,同德公寓,12588.333333333334
830,同方国际,19793.0
831,名仕家园,61902.857142857145
832,名城公馆,82772.63636363637
833,名城大厦,13818.0
834,名城湖左岸,46876.818181818184
835,名城燕园,57849.4
836,名扬阁,29047.0
837,名都雅苑,16294.5
838,名门天第,21841.5
839,后周嘉苑,18348.0
840,后市街,48438.0
841,后横弄,15933.8
842,后珠家苑,25245.0
843,后珠美邻嘉苑,27169.30769230769
844,后珠美都雅苑,25201.6
845,后珠辰秀嘉园,26226.2
846,后珠辰秀嘉园南区,26249.333333333332
847,后营弄,56973.0
848,向江来时代中心,31960.0
849,君临天下,29018.090909090908
850,君兰华庭,27405.333333333332
851,君奥名邸,30841.5
852,君尚金座,38663.555555555555
853,君悦丽景,31222.5
854,吴牙新村,46378.0
855,吴越人家北区,13619.0
856,吴越人家南区,12978.9375
857,吴越山庄,15202.307692307691
858,和合公寓,13202.333333333334
859,和合财富中心,22474.222222222223
860,和家园臻园,56638.0
861,和平小区,43514.0
862,和新北苑,50648.0
863,和新南苑,44474.0
864,和昌云栖玖著,30748.08
865,和昌云潮,22359.0
866,和昌府,38174.333333333336
867,和睦公寓,57877.0
868,和睦新村,39558.72727272727
869,和睦路121号,40761.0
870,和睦路143号,39909.0
871,和睦院,32166.0
872,和苑小区,67995.5
873,和谐嘉园东苑,53490.0
874,和谐嘉园北苑,48403.0
875,和谐嘉园南苑,61375.8
876,和谐弄,26707.0
877,和达东东城,15179.666666666666
878,和达城,27668.555555555555
879,和达御观邸,47639.25
880,和达自由港,20101.5
881,响水坝,37901.0
882,哑巴弄,35640.857142857145
883,商业城,12070.333333333334
884,商城东苑,22201.090909090908
885,商城花园,31112.0
886,商城西村,23055.6
887,商贸公寓,16539.0
888,啤酒城宿舍,20496.0
889,嘉丰万悦城,21427.70588235294
890,嘉利公寓,28113.0
891,嘉利花园,22464.0
892,嘉华公寓,30808.0
893,嘉南公寓小高层,68047.14285714286
894,嘉南公寓影池居,74273.0
895,嘉南公寓瀑水居,79055.0
896,嘉南公寓青藤居,77961.75
897,嘉和银领时代,23477.727272727272
898,嘉宸天誉名轩,90121.0
899,嘉富广场,15711.333333333334
900,嘉汇大厦,38604.5
901,嘉泰馨庭,54733.833333333336
902,嘉绿北苑,58406.42857142857
903,嘉绿名苑,59334.0
904,嘉绿文苑,61578.0
905,嘉绿景苑东园,44383.6
906,嘉绿景苑南园,52259.0
907,嘉绿景苑西园,45212.5
908,嘉绿福苑,53524.0
909,嘉绿西苑,56685.294117647056
910,嘉绿青苑,55940.333333333336
911,嘉里云荷廷,64595.41176470588
912,嘉里桦枫居北区,33382.88888888889
913,嘉里桦枫居南区,36974.0
914,四季名门城市公寓,23657.75
915,四季广场,18188.25
916,四季花城月季园,38167.0
917,四季风景苑,29547.653846153848
918,四宜亭50号,66077.0
919,四条巷,67551.0
920,四牌楼,42065.0
921,四维金座,12795.0
922,回澜北园,33287.75
923,回澜南园,29698.615384615383
924,回龙公寓,15365.0
925,回龙庙前小区,38257.0
926,固陵路,35152.4
927,国信嘉园,53388.3
928,国瑞中心,19802.862068965518
929,国都公寓,60732.42857142857
930,国际花园,37991.0
931,圆乡名筑,36597.8
932,圆梦园,27345.5
933,圆梦园锦江南苑,28503.0
934,圣塘河新村二区,19236.0
935,圣奥领寓,37228.0
936,圣苑小区,96396.875
937,圣都公寓,40253.25
938,在水一方公寓,59690.0
939,地铁万科杭行道,43892.0
940,地铁东城广场,17090.0
941,坤和和家园,53450.43103448276
942,坤和求是里,57690.5
943,坤和西溪里,76232.72222222222
944,坤和西溪里璞园,66432.0
945,城东社区,18723.0
946,城中府,20943.941176470587
947,城中花园(临安),14160.611111111111
948,城中花园(萧山),32656.0
949,城中苑,15862.0
950,城中街374号,14461.0
951,城佳公寓,19441.5
952,城北商贸园,31236.28
953,城北新村,31525.25
954,城南家园,44197.0
955,城发云锦城,29621.612903225807
956,城品华庭,37051.0
957,城市心境,49362.333333333336
958,城建,19706.0
959,城建公寓,32154.0
960,城桥路19号,26057.166666666668
961,城桥路81号,30263.0
962,城站路小区,40966.0
963,城西社区,20885.0
964,城西路,22074.0
965,城隍牌楼巷,45420.0
966,塘南茗苑,14791.0
967,塘栖一小区,16728.714285714286
968,塘栖嘉园,16950.0
969,塘栖栖里东苑,17892.666666666668
970,塘河北村,36421.444444444445
971,塘河南村,33503.666666666664
972,塘河新村,35382.4
973,塘河科技公寓,38020.0
974,墅林苑,51373.8
975,墩莳家园,33594.0
976,复兴东苑,44598.71428571428
977,复兴北苑,42334.63636363636
978,复兴南苑,43616.82352941176
979,复兴城市家园,41308.0
980,复兴弄,23123.0
981,复地上城,42274.90476190476
982,复地壹中心,22053.571428571428
983,复地连城国际,26948.883116883117
984,复地黄龙和山,53404.0
985,复城国际,25479.53846153846
986,复泰雅宸华庭,13952.0
987,夕照新村,54921.458333333336
988,外东山弄,77837.77777777778
989,外经委宿舍,12772.0
990,多蓝水岸听涛苑,26138.2
991,多蓝水岸碧海苑,25206.238095238095
992,多蓝水岸蓝波苑,24362.0
993,多蓝水岸银沙苑,26626.466666666667
994,大世界五金城,15649.0
995,大业江东府,25806.0
996,大关东一苑,36124.57142857143
997,大关东七苑,34942.0
998,大关东三苑,35379.875
999,大关东九苑,35601.0
1000,大关东二苑,34816.77777777778
1001,大关东五苑,34603.333333333336
1002,大关东八苑,36306.2
1003,大关东六苑,34140.666666666664
1004,大关东四苑,35977.6
1005,大关南一苑,38011.666666666664
1006,大关南七苑,36409.666666666664
1007,大关南三苑,35624.0
1008,大关南九苑,34216.333333333336
1009,大关南五苑,36032.25
1010,大关南八苑,35790.333333333336
1011,大关南六苑,34892.25
1012,大关南四苑,33887.5
1013,大关西七苑,36520.5
1014,大关西三苑,37448.0
1015,大关西五苑,36092.0
1016,大关西八苑,35038.0
1017,大关西六苑,35503.36363636364
1018,大关西四苑,35393.166666666664
1019,大华春山明月,62682.4
1020,大华海派风景,40293.846153846156
1021,大华海派风范,52544.333333333336
1022,大华玲珑苑,11974.0
1023,大华西溪风情,48348.666666666664
1024,大华西溪风情新天地,39101.0
1025,大华西溪风情澄品,65463.857142857145
1026,大同公寓,45863.0
1027,大园新城,20704.878787878788
1028,大园新城南区,22103.105263157893
1029,大塘新村,42921.230769230766
1030,大学路108号,40441.0
1031,大学路110号,33835.0
1032,大学路新村,41164.2962962963
1033,大家·锦悦栖溪轩,21634.0
1034,大家之江悦,66119.2
1035,大家多立方,35850.71428571428
1036,大家小墅,32141.916666666668
1037,大家悦墅,32384.666666666668
1038,大家绿城金麟府,82472.66666666667
1039,大家运河之星,39339.916666666664
1040,大家金鼎府,32474.75
1041,大成名座,18286.0
1042,大有清竹蓝庭,26603.2
1043,大江东宝龙广场,24845.714285714286
1044,大浒东苑,40286.90909090909
1045,大浒西苑,41915.0
1046,大王庙巷小区,47250.0
1047,大营盘,41200.0
1048,大运宸府,110541.0
1049,大都尚澜,16177.5
1050,大马弄,36707.0
1051,天元公寓,20186.0
1052,天创园,15606.05357142857
1053,天发公寓,11042.0
1054,天园阁,35325.5
1055,天地墅园,24560.0
1056,天城府,46819.5
1057,天城府天著,41563.0
1058,天城铭园,35612.0
1059,天域开元云澜里,27459.0
1060,天堂园汽轮宿舍,31489.0
1061,天堂园轴承宿舍,31426.0
1062,天安假日公寓,44995.0
1063,天官路15号,32774.75
1064,天富花苑,26919.333333333332
1065,天寓,49960.666666666664
1066,天巢花苑,61160.0
1067,天工商厦,16563.5
1068,天平村,14600.0
1069,天庐苑,33778.6
1070,天府家园,20576.333333333332
1071,天成嘉苑,40385.818181818184
1072,天时苑(富阳),19419.444444444445
1073,天时苑(拱墅),46347.0
1074,天林广场,17114.5
1075,天汇园,17338.6
1076,天江苑,11343.0
1077,天河西苑,55874.75
1078,天海阳光地带,23260.666666666668
1079,天润商业中心,22971.0
1080,天湖公寓,48741.5
1081,天璞御园,83065.75
1082,天盛居,51602.0
1083,天目家园,7590.0
1084,天目山路,73598.66666666667
1085,天福花园,59002.166666666664
1086,天苑花园,35817.7
1087,天虹公寓,33017.0
1088,天赐苑,40707.166666666664
1089,天运花园,47017.25
1090,天都花园,19403.090909090908
1091,天阳上河,59863.166666666664
1092,天阳九筑,38443.875
1093,天阳云筑,38767.782608695656
1094,天阳凤起,90821.66666666667
1095,天阳尚城国际一期,46750.25
1096,天阳尚城国际二期,46937.0
1097,天阳尚景国际,80916.85714285714
1098,天阳尚景国际二期,79721.0
1099,天阳文晖,51417.0
1100,天阳明朗,37238.57142857143
1101,天阳晴朗,42233.5
1102,天阳棕榈湾一期,26530.6
1103,天阳棕榈湾二期,25228.67391304348
1104,天阳棕榈湾金水岸,26717.5
1105,天阳武林邸,95448.5
1106,天阳美林湾,46637.35294117647
1107,天阳蓝光蔚蓝,26678.44230769231
1108,天阳融信东寰名邸,36871.0
1109,天阳观筑,36170.333333333336
1110,天阳购物广场,17221.333333333332
1111,天鸿君邑,33657.72222222222
1112,天鸿香榭里,48499.57142857143
1113,太古广场,13035.0
1114,太平家园,20292.666666666668
1115,太平巷16号,60762.0
1116,太平巷33-34号,65890.0
1117,太平桥社区,19782.0
1118,太阳国际公寓,47401.15909090909
1119,太阳城花园,16299.70588235294
1120,头格江景家园一区,29970.0
1121,头格江景家园二区,27100.0
1122,奇景家苑,27984.4
1123,奎垣巷,47807.0
1124,奥克斯时代未来之城,49776.26666666667
1125,奥克斯缔逸城,33670.63636363636
1126,奥兰多小镇,28597.333333333332
1127,奥莱金街,34532.0
1128,好望角公寓,36639.333333333336
1129,如意云庭,21395.6
1130,如意公寓,16976.5
1131,如意里,90321.0
1132,姚园寺巷,42293.0
1133,姚家潭公寓,28635.333333333332
1134,威尼斯水城,28428.80769230769
1135,娄村浜,14223.0
1136,娑婆新村,37145.5
1137,婺江家园二园,59942.2
1138,孝友里,39546.333333333336
1139,学士桥小区,26674.75
1140,学工弄,18758.0
1141,学成府,30833.666666666668
1142,学苑春晓,55287.25
1143,学院路212号,72722.0
1144,学院路59号,38919.0
1145,学院路99号,51222.0
1146,孩儿巷,57041.5
1147,宁安大厦,16281.0
1148,宁泰家园,28850.5
1149,安吉路,72709.0
1150,安盛家园,25610.0
1151,安阁弄116/118/120号,14248.0
1152,安阁弄59号,14471.0
1153,宋浇造巷,75844.5
1154,宋都东郡之星,30085.956521739132
1155,宋都东郡国际嘉湾,33901.818181818184
1156,宋都东郡国际朗湾,30843.1
1157,宋都东郡国际锦湾,31238.4
1158,宋都丽郡国际,24712.526315789473
1159,宋都凯旋苑,57159.63636363636
1160,宋都时间名座,19697.0
1161,宋都时间国际,18699.0
1162,宋都晨光国际,33431.18032786885
1163,宋都江宸府,25760.61111111111
1164,宋都相贤府,24835.0
1165,宋都阳光国际,43913.875
1166,宋都香悦郡,40310.083333333336
1167,宋都麓宸府,25324.0
1168,宏农里28-30号,73514.0
1169,宏景园,17201.8
1170,宏河嘉园,16523.14285714286
1171,宗坛巷,39683.0
1172,官河公寓,32139.75
1173,定安东苑,65073.0
1174,定安苑,59358.166666666664
1175,定海西园,39816.88888888889
1176,宜家时代,17985.166666666668
1177,宝亿御景园,15319.888888888889
1178,宝善公寓,51283.5
1179,宝嘉誉峰,59443.0
1180,宝嘉誉府,52989.4
1181,宝林公寓,25725.333333333332
1182,宝林西路,28200.666666666668
1183,宝盛世纪中心,28129.0
1184,宝石山下二弄,72559.0
1185,宝龙云滨湾,44002.769230769234
1186,宝龙城市广场,19363.02298850575
1187,宝龙旭辉城,27913.166666666668
1188,家和苑,15075.0
1189,家景园,26542.8
1190,容大五环城市花园,20698.11111111111
1191,密渡桥路2号,41973.0
1192,富丽花园(萧山),24506.333333333332
1193,富丽苑,47180.0
1194,富力十号一期,63278.5
1195,富力十号院,55393.8
1196,富力天贸广场,21596.0
1197,富力新线公园,66431.16666666667
1198,富力西溪悦墅,88074.0
1199,富力西溪悦居,61307.76470588235
1200,富力西溪悦居溪区,61486.1
1201,富康公寓,11526.5
1202,富星苑,57220.0
1203,富春印象金座,23653.375
1204,富春如意花园,20878.0
1205,富春山居,51137.34482758621
1206,富春新天地,26257.444444444445
1207,富春水岸,15247.4
1208,富春江南,18141.0
1209,富春江花苑,40070.0
1210,富春港,11261.0
1211,富春玫瑰园,46991.545454545456
1212,富春硅谷,20537.14285714286
1213,富春红郡,23653.666666666668
1214,富春运河赋,22320.14285714286
1215,富盛公寓,12226.0
1216,富越香溪,73524.5
1217,富越香郡,70736.11111111111
1218,富越香郡盈座,18978.5
1219,富邦星座,23285.0
1220,富阳宝龙城市广场,20902.55
1221,富阳春秋社区,21688.85714285714
1222,富阳财富中心,16813.0
1223,寰宇天下,73077.50943396226
1224,将军殿弄,20114.75
1225,小和山林野山居,34385.0
1226,小城之春花苑,34628.6
1227,小庙巷16号,41865.0
1228,小河下小区,43427.75
1229,小河东村,45511.5
1230,小河东河下,83154.0
1231,小河佳苑,39307.0
1232,小河路,65827.2
1233,小王子路243-255号,11325.0
1234,小米巷,44575.0
1235,小营民居,51346.0
1236,尚城国际,24099.0
1237,尚城墅,50134.0
1238,尚美名府,28006.2
1239,尹家坝路西,25187.0
1240,居安坊,43961.5
1241,屏风苑小区,53512.5
1242,山北新苑,29673.833333333332
1243,山南人家,47634.333333333336
1244,山川公寓,26394.666666666668
1245,山水人家彩云天,51929.0
1246,山水人家清水湾,52391.0
1247,山水人家潇湘居,45663.0
1248,山水人家白沙岛,49630.0
1249,山水人家美林泉,52203.666666666664
1250,山水人家诗家谷,54676.0
1251,山水人家香溪地,45194.0
1252,山水国际,35799.0
1253,山水如画,25980.375
1254,山水御园,24634.5
1255,山水悦府,28815.5
1256,山水水印林语,24834.0
1257,山水美庐,38341.0
1258,山水诚庐,31665.2
1259,山河花园,31529.0
1260,山涧苑,37459.0
1261,山西园,29972.75
1262,山阴小区,28013.333333333332
1263,岸上蓝山,29422.375
1264,峙山北路住宅区,17600.333333333332
1265,峰华花苑,18169.6
1266,峰华雅苑,19553.333333333332
1267,崇化住宅区,27860.333333333332
1268,崇庆里,34467.833333333336
1269,崇文公寓,112908.1
1270,崇盛里,37794.5
1271,工人新村,38454.75
1272,左岸花园,36811.5
1273,左邻右舍,34148.71428571428
1274,市北公寓,25690.5
1275,布店弄,59912.0
1276,师苑新村,84478.72727272728
1277,帝凯大厦,23492.166666666668
1278,帝凯帝景园,22254.7
1279,平凡里公寓,42898.0
1280,平和家园北区,7407.0
1281,平和家园南区,9093.0
1282,平安居,54808.0
1283,平安里,40340.0
1284,平安雅苑,30137.0
1285,平山新村,16676.0
1286,平海公寓,93304.0
1287,平瑞瑞和园,32992.833333333336
1288,幸福人家,51410.57142857143
1289,幸福家园,18363.25
1290,广仁小区,24850.0
1291,广元公寓,22768.0
1292,广兴新村,44986.625
1293,广利佳苑,36690.0
1294,广厦天都城天星苑,24894.85
1295,广厦天都城天月苑,20739.23076923077
1296,广厦天都城天水苑,22214.2
1297,广厦天都城天河苑,22794.772727272728
1298,广厦天都城天泉苑,19073.809523809523
1299,广厦天都城天湖苑,18385.714285714286
1300,广厦天都城天漾,26394.333333333332
1301,广厦天都城天澜,21135.777777777777
1302,广厦天都城天熙公馆,22677.853658536584
1303,广厦天都城天风苑,19413.08695652174
1304,广厦天都城温莎苑,25132.714285714286
1305,广厦天都城爱尚公寓,26519.285714285714
1306,广厦天都城爵士花园,23361.81818181818
1307,广厦天都城紫韵公寓,23535.30769230769
1308,广厦天都城蓝调公寓,25049.727272727272
1309,广厦西湖时代广场,112798.5
1310,广和公寓,34299.5
1311,广和美地兰庭,19187.272727272728
1312,广场花园,18109.076923076922
1313,广大景和园,21460.5
1314,广大融城印象,33489.0
1315,广宁小区,27628.85714285714
1316,广宇万科公园里,37434.0
1317,广宇上东名筑,35357.25
1318,广宇上东臻品,35938.61538461538
1319,广宇上东领地,35160.875
1320,广宇东承府,40060.09090909091
1321,广宇公寓,15739.5
1322,广宇河滨公寓,55839.0
1323,广宇西城年华,77887.64285714286
1324,广宇西城美墅,90800.0
1325,广宇锦绣桃源,39401.2
1326,广宇鼎悦府,34689.4
1327,广德小区,33034.142857142855
1328,广悦公寓,27445.0
1329,广景苑,46556.0
1330,广泽小区,24384.25
1331,广济公寓,17097.0
1332,广浦公寓,20755.0
1333,广福路小区,63428.0
1334,广茵大厦,19368.0
1335,广都嘉园,18580.333333333332
1336,庆丰公寓,54319.0
1337,庆丰新村,55271.142857142855
1338,庆晖公寓,42594.5
1339,庆隆苑,39520.2
1340,庆隆路3号,43270.0
1341,庙山新村,25277.0
1342,府新花园东区,54650.4
1343,府新花园西区,57123.666666666664
1344,府景公寓,22329.0
1345,府苑新村,54386.5
1346,庭院深深,28598.594594594593
1347,康乐新村,41482.17857142857
1348,康乐香港城,39824.0
1349,康宁和府,16303.0
1350,康宁苑,14062.5
1351,康家公寓,19872.666666666668
1352,康庭和苑,16458.0
1353,康恒悦麒美寓,48628.57142857143
1354,康新花园,32532.2
1355,康都紫轩,105366.0
1356,康馨苑,28852.5
1357,延龄苑,56209.0
1358,建国公寓,45649.5
1359,建国南苑,40162.2
1360,建塘家苑,32184.0
1361,建工新村,79373.66666666667
1362,建德村,36228.0
1363,建电新村,57453.5
1364,开元加州阳光小区,26525.133333333335
1365,开元名郡,30170.25
1366,开元名都,25430.0
1367,开元广场,35838.5
1368,张官弄,33315.0
1369,弥陀寺路,74876.33333333333
1370,彩云苑,18729.4
1371,彩虹城,55265.22222222222
1372,彩虹豪庭,82810.09090909091
1373,彩虹路,24506.5
1374,彩霞岭,38332.5
1375,影业路,42326.0
1376,径都荷塘花苑,13157.0
1377,径香苑,35092.666666666664
1378,徐家河公寓,23719.0
1379,得力名望府,28782.75
1380,得力名门世家,65200.0
1381,得力新和人家,22521.166666666668
1382,御城御园,14973.0
1383,御城涵园,16493.115384615383
1384,御城熙园,15441.333333333334
1385,御景城,27780.833333333332
1386,御清城,26779.0
1387,御湖公馆,19118.5
1388,御跸苑,49080.333333333336
1389,德信东望,57995.42857142857
1390,德信中外公寓,41825.13333333333
1391,德信九溪云庄,80617.0
1392,德信北海公园,57736.666666666664
1393,德信君宸,48919.78571428572
1394,德信大家钱江府,59894.5
1395,德信大江壹号,23024.0
1396,德信大江源著,27242.263157894737
1397,德信早城,41191.48148148148
1398,德信早安,34287.333333333336
1399,德信时代之心,49083.63157894737
1400,德信晓宸,55371.142857142855
1401,德信泊林春天,36310.333333333336
1402,德信浙旅东宸,58140.0
1403,德信浙旅天空之翼,25284.0
1404,德信碧桂园印江南,29894.0
1405,德信臻园,80748.25
1406,德信金泊林公寓,34630.0
1407,德信银树湾,69231.0
1408,德嘉金沙阳光,29141.962962962964
1409,德圣博奥城,46615.8
1410,德意中兴广场,19253.0
1411,德意义和苑,19196.0
1412,德意空港国际,22275.0
1413,德慧公寓,20063.0
1414,德欣城市嘉园,45548.0
1415,德泽家园,29813.0
1416,德胜东村,33166.65
1417,德胜新村,36011.65714285714
1418,德胜新村南,36441.0
1419,德邻公寓,22975.8
1420,德雅汇丰,14100.0
1421,德雅花园,57725.28571428572
1422,德雅金座,9235.0
1423,心怡花园,23336.75
1424,心意广场,28221.0
1425,忆江南,14844.35
1426,志成广场御江月,30107.0
1427,思安坊,46988.0
1428,怡佳公寓,30610.333333333332
1429,怡和公寓,28972.0
1430,怡和苑,49997.0
1431,怡情风景苑,14810.5
1432,怡景公寓,28768.666666666668
1433,怡景花城,41516.0
1434,怡景花城鸣翠苑,32193.5
1435,怡静坊,45083.0
1436,恒丰坊,51497.6
1437,恒升花苑,93959.0
1438,恒厚阳光城,44077.0
1439,恒基旭辉府,28006.0
1440,恒大帝景,33219.87096774193
1441,恒大水晶国际广场,56432.5
1442,恒安名座,16917.5
1443,恒晟云中绿园,16041.0
1444,恒晟左邻右里,14248.642857142857
1445,恒晟逸家,17144.666666666668
1446,恒泰御庭园,29304.5
1447,恒瑞名座,17466.375
1448,恒盛锦园,11162.333333333334
1449,恒祺克拉天玺,26128.333333333332
1450,恒福嘉城,20573.260869565216
1451,恒腾悦湖花苑,31260.0
1452,恒逸南岸明珠,16601.0
1453,恒逸金榈湾,21984.666666666668
1454,恒锦苑,12938.0
1455,恒鼎博邑郡,31173.51219512195
1456,恩波社区,22607.333333333332
1457,恩济花苑,55045.5
1458,悦泽公寓,21198.0
1459,惠民苑小区,47498.0
1460,惠羽家园,12907.0
1461,惠都家园,22310.5
1462,意法轻纺城,23670.0
1463,慧仁家园南区,36778.0
1464,憬天国际名座,13743.0
1465,成龙官山邸,14193.947368421053
1466,所巷,45047.5
1467,打铁关外聘楼,35052.0
1468,打铁关新村,42213.75
1469,打铁关路,37143.5
1470,招商越秀公园1872,59931.0
1471,招商远洋春秋华庭,62435.0
1472,招商雍华府,44207.333333333336
1473,拱宸新苑,41781.2
1474,拱苑小区,42985.5
1475,拾排里125号,38582.6
1476,拾排里126号,36304.25
1477,振兴小区,13783.0
1478,振华路7号,41989.0
1479,摩卡商务馆,13825.0
1480,政新花园,74182.33333333333
1481,政苑小区,64726.653846153844
1482,教工宿舍,35208.0
1483,教工路131号,100608.5
1484,文一路109号,69596.0
1485,文一路57号,79530.0
1486,文一路91号,85127.0
1487,文三新村,92440.4
1488,文三西路156号,50381.0
1489,文三路55号,98533.0
1490,文二新村,108813.5
1491,文二路166号,85973.0
1492,文二路21号,91733.66666666667
1493,文二路44号,76528.0
1494,文二路46号,79443.0
1495,文二路48号,81297.0
1496,文二路57号,94670.0
1497,文二路58号,64189.0
1498,文二路60号,80116.0
1499,文二路66号,75065.33333333333
1500,文二路68号,87557.0
1501,文亭公寓,78047.33333333333
1502,文化路237号,17311.0
1503,文华苑,55624.0
1504,文华苑人才公寓,21482.0
1505,文和公寓,15308.0
1506,文园公寓,17249.0
1507,文居学府,25786.30769230769
1508,文教西苑,20877.0
1509,文晖苑,39323.0
1510,文晖路106号,43235.0
1511,文晖铭园,40645.0
1512,文溪鼎园,71771.16666666667
1513,文澜苑,11815.666666666666
1514,文澜雅苑,24738.714285714286
1515,文苑小区,48975.5
1516,文苑风情,31894.88
1517,文菁花苑,42794.0
1518,新世界柏丽轩,13622.0
1519,新世纪公寓,13825.0
1520,新世纪花苑,33662.0
1521,新中宇维萨,54609.2
1522,新丰小区,20878.75
1523,新义名苑,22478.3
1524,新元金沙家园,33587.818181818184
1525,新华园,90918.33333333333
1526,新华坊社区,42075.61538461538
1527,新华路小区,42459.0
1528,新南湖绿苑,23158.0
1529,新城丽景,6998.0
1530,新城国际和园,99978.5
1531,新城国际彩园,91021.5
1532,新城坊,44789.0
1533,新城山语院,27611.090909090908
1534,新城峯璟,79833.27272727272
1535,新城时代广场,20577.0
1536,新城璟隽公馆,28875.25
1537,新城红郡,33465.12
1538,新城花苑,23144.833333333332
1539,新城西溪逸境,64143.0
1540,新城都市丽景南苑,23489.75
1541,新城金镶玉,77034.75
1542,新城香悦公馆,58551.0
1543,新城香悦半岛,31466.153846153848
1544,新城龙湖湾上风华,29861.9
1545,新大地,18068.2
1546,新天地G193广场,17817.0
1547,新天地世嘉新座,34723.375
1548,新天地中心,39271.0
1549,新天地购物中心,26055.0
1550,新天地金色时光,42597.666666666664
1551,新安嘉苑,46459.0
1552,新安园,31432.571428571428
1553,新安天苑,55343.5
1554,新安铭苑,37207.0
1555,新山水御园,35458.0
1556,新州花苑,54376.857142857145
1557,新工新村,61765.9
1558,新希望滨江锦粼府,39232.666666666664
1559,新德雅公寓,48781.0
1560,新惠名苑,28496.2
1561,新时代城市家园,29570.7
1562,新明半岛,33107.34782608696
1563,新星小区,33423.73684210526
1564,新曙光公寓,19472.0
1565,新月花园,22089.5
1566,新桃源东区,25049.0
1567,新桥公寓,24566.0
1568,新桥园,28412.166666666668
1569,新江花园,30666.923076923078
1570,新沁家园,28760.0
1571,新沙家园,30301.875
1572,新河坝,41758.0
1573,新浦苑,36591.0
1574,新港城,20839.285714285714
1575,新湖果岭,48014.68965517241
1576,新湖武林国际公寓,90617.0
1577,新湖菲林山,66944.76923076923
1578,新湖香格里拉,81577.0
1579,新湾商贸中心,14141.666666666666
1580,新湾商贸城,13880.0
1581,新白马公寓,36095.38888888889
1582,新窑路,17473.0
1583,新窑路352号,19895.0
1584,新绿园,108756.33333333333
1585,新苑公寓,22369.5
1586,新街社区,25633.0
1587,新西湖小镇,26976.470588235294
1588,新西湖花园,48328.4
1589,新誉公寓,17554.0
1590,新金都城市花园,75282.77777777778
1591,方家山公寓,21334.0
1592,方家弄,21602.0
1593,方家花苑,42522.0
1594,方正360空间大厦,16425.0
1595,方正荷塘月色,51230.77777777778
1596,方汇花苑,25796.833333333332
1597,於潜镇潜阳路306号,6112.0
1598,於潜镇青兰阁,8741.666666666666
1599,施家园花苑北区,15256.4
1600,施家园花苑南区,16042.666666666666
1601,施家花园,41914.8125
1602,日信国际DOUBLE时代,44775.666666666664
1603,日森大厦,34460.333333333336
1604,旭辉东原吴越府,20487.619047619046
1605,旭辉东原国滨府,41487.0
1606,旭辉中粮朗香郡,26417.32
1607,旭辉和昌都会山,80610.0
1608,旭辉宝龙东湖城,27040.0
1609,旭辉时代城,34098.692307692305
1610,旭辉滨江东方悦府,36507.555555555555
1611,旭辉珺悦府,40998.0
1612,旭辉运河悦章,30587.85714285714
1613,时代公寓,16690.0
1614,时代滨江悦,67030.0
1615,时代长岛之春,31933.166666666668
1616,昆仑华府,33899.82352941176
1617,昆仑天籁,36283.8
1618,昆仑府,47089.833333333336
1619,昆仑橡树园,64694.5
1620,昆盛肖邦,34573.625
1621,明华佳乐苑,13926.0
1622,明华名港城二期,29165.0
1623,明华明辉花园,21210.666666666668
1624,明华花园,22620.333333333332
1625,明怡花苑,33031.333333333336
1626,明意公寓,19190.0
1627,明月山庄,15449.0
1628,明朗花园,17918.5
1629,明桂苑,35995.5
1630,明江苑,25001.1
1631,明泰苑,19898.0
1632,明珠公寓,40039.0
1633,明真宫,42288.0
1634,易构大厦,15183.5
1635,易辰江南大院,32113.0
1636,星云,20838.0
1637,星光国际公馆,21989.367346938776
1638,星南站,22103.0
1639,星桥桂花城,25844.5
1640,星汇花园,24230.8128342246
1641,星汇荣邸,39187.53333333333
1642,星河明苑,43348.8
1643,星河景庭公寓,32256.75
1644,星洲花园万黛兰居,84711.44444444444
1645,星洲花园圣陶沙韵,99242.0
1646,星洲花园格兰馨庐,75205.25
1647,星洲花园红树林,68826.75
1648,星洲花园花柏美舍,81595.0
1649,星海云庭,22562.8125
1650,星润大厦,22572.0
1651,星港9月,19705.0
1652,星火南路1号,22539.0
1653,星火小区,21143.0
1654,星耀中心,49811.529411764706
1655,星耀城,39489.75
1656,星耀星澜之城,48662.96
1657,星育佳园,18781.75
1658,星运丽园,26388.571428571428
1659,星运丽园兰逸,29879.0
1660,星都嘉苑,44136.57142857143
1661,星都家园,19020.0
1662,星都花园(萧山),31594.0
1663,星雅嘉园逸品苑,20156.714285714286
1664,星雅嘉园逸景苑,21459.0
1665,春丰苑,46278.0
1666,春南社区,23091.0
1667,春城大厦,14470.0
1668,春天,18901.4
1669,春天华府(临天路),22580.608695652172
1670,春天学府,22747.70588235294
1671,春天花园,59503.86666666667
1672,春意江南名邸,19970.0
1673,春晖社区,23919.18181818182
1674,春江名苑,100542.0
1675,春江花园,25347.0
1676,春江花月,91008.18181818182
1677,春江香樟苑,17605.0625
1678,春波南苑,46056.5
1679,春波小区,46747.77777777778
1680,春风江南府,22952.0
1681,晨光绿苑北苑,26081.0
1682,晨光绿苑南苑,25037.0
1683,普金家园,36983.142857142855
1684,景上公寓,47889.0
1685,景丽华庭,15743.0
1686,景冉佳园,39655.44680851064
1687,景城花园,58070.5
1688,景悦家苑,16985.5
1689,景杉路,15790.0
1690,景杉路548号,10908.0
1691,景杉路571号,12766.0
1692,景杉路610号,12872.0
1693,景江城市花园,42155.5
1694,景江苑,43124.5
1695,景湖苑,73965.0
1696,景瑞原墅,82243.0
1697,景瑞天赋,97757.0
1698,景瑞御华府,34080.10526315789
1699,景瑞御蓝湾,32466.785714285714
1700,景瑞悦西台,78093.33333333333
1701,景瑞申花郡,58628.0
1702,景瑞阳光城法兰公园,25766.5
1703,景翠公寓,28141.8
1704,景致公寓,48533.0
1705,景芳一区,41015.53846153846
1706,景芳三区,41202.666666666664
1707,景芳东区,41371.5
1708,景芳二区,40325.28571428572
1709,景芳五区,42457.666666666664
1710,景芳六区,40475.0
1711,景芳四区,41560.454545454544
1712,景芳新五区,40690.269230769234
1713,景芳水湘苑,41660.6
1714,景苑公寓(江干),40151.71428571428
1715,景苑公寓(萧山),25522.0
1716,景雅苑,25762.333333333332
1717,晶典公寓,30837.666666666668
1718,晶晶大厦,38230.0
1719,智格新怡家园,26549.0
1720,曙光公寓,83108.0
1721,曙光嘉园,17726.0
1722,曙光新村,88542.83333333333
1723,曙光路123号,74770.0
1724,曙光路三弄,74200.0
1725,月光苑,14496.5
1726,月桂花园,95103.33333333333
1727,月雅苑,34729.25
1728,朗庭公馆,19112.25
1729,朗诗国际街区,29925.609375
1730,朗诗未来街区,29846.666666666668
1731,朗诗未来街区东园,30825.363636363636
1732,朗诗枫荟,15895.0
1733,朗诗田园绿郡,33678.0
1734,朗诗美丽洲,55404.5
1735,朗诗花漫里,34855.58823529412
1736,朗郡庭园,42224.88888888889
1737,望城,29775.0
1738,望月公寓,34649.4
1739,望梅路588号,10376.153846153846
1740,望江公寓,51119.0
1741,望江家园东园,56807.416666666664
1742,望江家园西园,51328.375
1743,望江府,119200.0
1744,望江新丰苑,45845.6
1745,望江新园一园,50795.0
1746,望江新园三园,43074.0
1747,望江新园二园,51473.0
1748,望湖花园,18899.166666666668
1749,朝晖一区,41524.42857142857
1750,朝晖七区,41673.86666666667
1751,朝晖三区,41952.0
1752,朝晖九区,38243.666666666664
1753,朝晖二区,37937.875
1754,朝晖五区,41040.75
1755,朝晖八区,40940.0
1756,朝晖六区,50174.25
1757,朝晖四区,40283.85
1758,朝晖新城,36199.25
1759,"朝晖路81,85,89号",37395.5
1760,朝阳新苑,17870.0
1761,朝阳银座,17266.0
1762,木庵小区,43831.0
1763,木材新村,61509.7
1764,木桥浜路23-295号,20411.625
1765,未央村,68452.2
1766,机神新村,39928.73333333333
1767,杉杉恒和依山郡,14955.166666666666
1768,杨家春晓南苑,31358.5
1769,杭发厂宿舍,31622.4
1770,杭大新村,68722.0
1771,杭大路38号,76056.0
1772,杭州东部国际商务中心,17889.875
1773,杭州宏丰家居城宏丰公寓,15491.857142857143
1774,杭州春树云筑,34398.5
1775,杭州江山风华,30288.2
1776,杭州碧桂园,27313.566666666666
1777,杭房建发养云静舍,88159.5
1778,杭房悦东方,16448.85714285714
1779,杭柴厂宿舍,27979.0
1780,杭氧和院,16886.0
1781,杭钢北苑,28512.0
1782,杭钢南苑,29785.222222222223
1783,杭钢尚堂府,49502.818181818184
1784,杭钢紫元旭润和府,18160.5
1785,杭钢西苑,22792.5
1786,杭锅新村,36185.0
1787,杭齿宿舍,21257.8
1788,松木场河东,86878.5
1789,松木场河西,89705.8
1790,林之语,26068.714285714286
1791,林司后,39717.0
1792,林水山居,17676.31818181818
1793,林泉流韵,38731.0
1794,林溪闲庭,30977.88888888889
1795,林语别墅,104893.0
1796,枫华府第,57783.5
1797,枫林晓城,15555.0
1798,枫桥庭,24002.636363636364
1799,柏悦公馆,16282.0
1800,柳浪东苑,84574.0
1801,柳浪新苑,97936.0
1802,柳浪阁,70660.5
1803,柳营巷,41226.25
1804,柳营花园东区,54602.2
1805,柳营花园西区,54432.0
1806,柴校坊,58053.0
1807,树兰书香名邸,19041.277777777777
1808,树园,42741.916666666664
1809,桂花城,73070.44444444444
1810,桂花新村,11585.714285714286
1811,桃园公寓,16803.222222222223
1812,桃园新村,78601.0
1813,桃源明月,39911.0
1814,桃源春居,44996.8
1815,桃花弄54号,91757.0
1816,桐鹤名苑二区,18772.333333333332
1817,桥南新村,19751.333333333332
1818,桥头宿舍,28452.0
1819,梅和名府,24313.0
1820,梅堰小区,20897.814814814814
1821,梅花三胜公寓,48671.0
1822,梅花弄小区,27820.666666666668
1823,梅花碑,45874.0
1824,梅苑阁小区,62502.2
1825,梓树花苑,18704.533333333333
1826,梦境家园,17863.333333333332
1827,梦湖山庄,35361.25
1828,梦溪东明山居,17077.0
1829,梦琴湾,27038.225
1830,梦秀公寓,30298.0
1831,梧桐公寓,79572.8
1832,梧桐燕庐,36859.95
1833,棋盘弄24号,15159.0
1834,棋盘弄42号,11970.0
1835,棠梨家园,25682.0
1836,森林湖山庄南区,38973.0
1837,横河新村,39275.666666666664
1838,横燕子弄,46860.0
1839,横石板弄,34861.25
1840,樱花府第,18518.7
1841,樱花府第西园,20702.75
1842,樱花雅苑北区,16558.076923076922
1843,樱花雅苑南区,14922.2
1844,檀香园,46982.857142857145
1845,欣北钱江国际广场,10150.5
1846,欣景苑,34187.4
1847,欣盛东方郡东区,81128.61538461539
1848,欣盛东方郡西区,73752.8947368421
1849,欣龙华府公寓,30936.85714285714
1850,欧美金融城,45759.57142857143
1851,歌山品悦府,62391.0
1852,正中尚品庭院,40526.0
1853,正元都市阳光,17570.285714285714
1854,正兴堂弄,35063.875
1855,武林公寓,45116.666666666664
1856,武林巷36号,86732.0
1857,武林巷5-28号,81284.0
1858,武林桥河下,69208.0
1859,武林花园,79765.0
1860,武林路,60444.25
1861,武林路458号,45245.0
1862,武林门新村,92666.33333333333
1863,毓秀家园,26395.14285714286
1864,比胜庙巷13号,46579.0
1865,毛家桥公寓,58500.833333333336
1866,民安苑,41369.333333333336
1867,民权路7号,34068.0
1868,水乡人家,16048.0
1869,水乡华庭,19344.714285714286
1870,水乡名苑,18986.0
1871,水乡西溪小筑,37925.22222222222
1872,水云城,34894.2
1873,水华苑,12998.0
1874,水印城,61114.57575757576
1875,水印康庭,40518.045454545456
1876,水岸名筑,15471.666666666666
1877,水岸家园,21333.0
1878,水岸帝景,95317.14285714286
1879,水岸明珠,17869.0
1880,水岸枫庭,115025.0
1881,水岸锦城,18787.0
1882,水岸阳光,16302.0
1883,水岸雅苑,38431.0
1884,水岸青云,19170.333333333332
1885,水岸风华,43766.25
1886,水悦花园,21909.708333333332
1887,水星阁,38353.75
1888,水晶湾城市雅苑,51792.0
1889,水曲弄,31549.0
1890,水木清华,25288.333333333332
1891,水沟沿路,31564.0
1892,水泥厂宿舍,16098.0
1893,水澄花园北苑,43928.0
1894,水澄花园南苑,56514.0
1895,水稻所赵家墩,16665.0
1896,水车河弄,20298.0
1897,水陆寺巷,42875.5
1898,水韵四维苑北区,22956.0
1899,水韵四维苑南区,22330.0
1900,水韵康桥康泽苑,26115.5
1901,水韵康桥康盛苑,27366.571428571428
1902,水韵康桥康锦苑,26384.0
1903,永丰巷,54795.2
1904,永和之星,17360.5
1905,永和家苑,20850.166666666668
1906,永宁院,37347.0
1907,永宏叠家,26322.0
1908,永康苑,41339.65217391304
1909,永泰名苑,27434.25
1910,永翔嘉顺中心,10638.0
1911,汀洲花苑北,23429.5
1912,求是村,84720.69230769231
1913,求智巷,110568.0
1914,求智弄,102637.66666666667
1915,汇宇和庭,41946.0
1916,汇宇花园,27174.25
1917,汇秀山庄,19233.0
1918,汇观山花苑,22524.0
1919,汇通大厦,16278.0
1920,汇锦华庭,16624.14285714286
1921,汇锦华庭北区,20829.5
1922,汇锦名店广场,11162.333333333334
1923,汇锦畔湖苑,14795.166666666666
1924,汇锦苑,13549.166666666666
1925,汇隆风林公寓,25159.0
1926,汇高栢悦中心,36110.0
1927,汉峰峰公馆,29657.809523809523
1928,汉港武林汇,34070.0
1929,江东壹号,15291.0
1930,江东锦绣名座,21052.0
1931,江东阳光名城,21070.238095238095
1932,江南佳苑,18063.382352941175
1933,江南名楼,18593.0
1934,江南国美家园,42102.0
1935,江南摩卡,28742.39393939394
1936,江南文苑,45138.3125
1937,江南新港公寓,24335.0
1938,江南明城,20597.5
1939,江南明城金座,19265.666666666668
1940,江南明珠,11836.5
1941,江南星座,17979.0
1942,江南豪园,57663.769230769234
1943,江南路市政宿舍,9917.0
1944,江南铭庭,37117.0
1945,江南风尚铭楼,13078.0
1946,江城路18号,53723.5
1947,江城路393号,40196.0
1948,江城路415.417号,39893.75
1949,江城路742号,39237.0
1950,江山弄,67361.0
1951,江枫苑,48429.2
1952,江桥路159号,13006.0
1953,江桥路162号,13322.0
1954,江桥路396号,15886.0
1955,江桥路467号,12729.0
1956,江桥路482号,14962.0
1957,江涛阁,38188.61538461538
1958,江湾绿苑,14811.5
1959,江滨澜廷,37631.98717948718
1960,江盛公寓,14892.0
1961,江盛江南岸,18609.5
1962,江虹小区,47214.25
1963,汤家锦绣公寓三区,17595.0
1964,汤家锦绣公寓二期,20235.0
1965,沁园春公寓,32326.0
1966,沁园雅舍,42967.166666666664
1967,沁源公寓,23890.75
1968,沁雅花园,43668.882352941175
1969,沁雅苑,14377.5
1970,沈塘东村,38033.0
1971,沈塘新村,89969.2
1972,沈塘桥弄13号,40102.0
1973,沈塘苑,47779.0
1974,沈塘铭苑,43146.0
1975,沙树路商业城,15073.0
1976,沙田里,38935.0
1977,河畔新村,25849.5
1978,河畔花园,34961.25
1979,河缸桥,79529.0
1980,河罕上,38814.0
1981,油车弄,19265.0
1982,泊悦府,42362.333333333336
1983,泊林印象,42275.63636363636
1984,泊林漫谷,24326.777777777777
1985,泊金湾,26829.5
1986,法轮寺弄,58511.0
1987,泰和天辰国际广场,30315.0
1988,泰和花园,33275.28571428572
1989,泰和苑,40202.5
1990,泰地北上新城,18302.833333333332
1991,泰禾野风大城小院,26284.333333333332
1992,泰美国际大厦,20434.083333333332
1993,流水东苑,37456.4375
1994,流水北苑,40898.142857142855
1995,流水苑,39448.34782608696
1996,浅水湾城市花园,47208.5
1997,浅水湾庄园(吴越街),13787.4
1998,浙商国际中心,24527.0
1999,浙商开元名都祺寓,13959.0
2000,浙地人家,28380.0
2001,浙富西溪堂,16468.0
2002,浙报公寓,51508.166666666664
2003,浙报宿舍,38531.0
2004,浙新小区,38636.666666666664
2005,浙旅德信西宸,71423.57142857143
2006,浙江大学华家池校区,49434.625
2007,浙江工业大学教师宿舍,50876.0
2008,浙江油田留下小区,32764.0
2009,浙消宿舍,24443.0
2010,浙港国际,31646.3
2011,浙港城市公馆,18332.0
2012,浣纱路,71379.0
2013,浦江苑小区,11189.5
2014,浦沿公寓,30784.0
2015,浪漫和山,32450.625
2016,浪漫香槟东区,20333.882352941175
2017,浪漫香槟西区,20222.0
2018,浪琴翠园,48817.75
2019,浮力森林苑,35681.0
2020,浴美施路住宅区,18215.0
2021,浴美苑,17726.75
2022,海上明月澜庭,51283.0
2023,海天商厦,14392.0
2024,海威新界,48286.05263157895
2025,海威钱塘之星,40963.78947368421
2026,海德公园,42886.72222222222
2027,海景城花园,28218.75
2028,海月花园,44158.2
2029,海棠公寓,34583.0
2030,海潮雅园一园,102893.0
2031,海狮沟,51044.0
2032,海联云客里,17436.8
2033,海辰水岸晶座,26426.0
2034,海运国际大厦,31666.0
2035,海陆星光园,25652.0
2036,涌金广场聚景阁,51924.0
2037,涌金花园,81162.0
2038,润东府,16356.0
2039,润和亿城嘉园,32501.555555555555
2040,润和西溪郡,38243.333333333336
2041,润达花园,33715.8
2042,淮矿东元府,44275.0
2043,深蓝国际中心,69218.25
2044,混堂巷13号,81656.8
2045,混堂桥,55604.0
2046,清合嘉园东区,19773.375
2047,清合嘉园西区,17415.5
2048,清和园,20262.166666666668
2049,清怡花苑,43466.625
2050,清水公寓,49192.230769230766
2051,清水弄,22796.0
2052,清江花园,51402.0
2053,清江路122号,45641.0
2054,清沁花苑,21309.0
2055,清河家园,43306.2
2056,清河花园,21841.285714285714
2057,清波苑,89347.5
2058,清泰南苑,52035.0
2059,清泰商务大厦,46532.0
2060,清泰小区,55545.0
2061,清远里,54293.0
2062,清雅苑,25449.75
2063,清风万和苑,24665.0
2064,清风公寓,17506.333333333332
2065,清风泰安苑东区,21984.0
2066,清风泰安苑西区,22669.428571428572
2067,清风阳光苑,22207.166666666668
2068,渔家浜,29978.0
2069,渡驾新村,57396.0
2070,温兴风情苑,38990.65
2071,温州商城,30242.5
2072,温馨人家,57597.846153846156
2073,温馨家园,40853.75
2074,港汇中心,19015.25
2075,港湾家园,71014.0
2076,湖光山社,23433.0
2077,湖塘公寓,16274.0
2078,湖墅南路261号,44339.0
2079,湖墅嘉园,45983.0
2080,湖墅新村,49535.28571428572
2081,湖山云台苑,23001.906976744187
2082,湖山帝景湾,32557.125
2083,湖山帝景湾南苑,39922.875
2084,湖山新村,16182.5
2085,湖景居,39675.4
2086,湖漫雅筑,48596.857142857145
2087,湖潭路,17840.0
2088,湖畔公寓,21989.333333333332
2089,湖畔宽邸,27389.222222222223
2090,湖畔宽邸中央郡,24422.5
2091,湖畔花园吐翠苑,60160.333333333336
2092,湖畔花园夕照苑,62324.0
2093,湖畔花园太子苑,63010.8
2094,湖畔花园桃花苑,60971.4
2095,湖畔花园梦泉苑,54079.0
2096,湖畔花园秋月苑,62826.0
2097,湖畔花园竹径苑,62481.5
2098,湖畔花园闻莺苑,61531.0
2099,湖畔花园风荷苑,63377.0
2100,湖畔花园龙珠苑,88603.4
2101,湖语澜轩,24364.387096774193
2102,湘云雅苑,48831.62962962963
2103,湘湖九号,25661.41176470588
2104,湘湖人家,28223.380952380954
2105,湘湖南苑,24563.0
2106,湘湖家园,29443.0
2107,湘湖路9号,21209.0
2108,湾南德盛东苑,28349.4
2109,源山雅阁,25409.0
2110,溪上玫瑰园,113217.0
2111,溪悦十锦台公寓,21156.7
2112,溪悦宸府,49833.0
2113,溪畔花园,73862.8
2114,滨兴东苑,44501.0
2115,滨兴北苑小区,38741.0
2116,滨兴家园,43998.0
2117,滨兴小区东区,40251.0
2118,滨兴小区西区,41358.8
2119,滨兴西苑,31583.0
2120,滨安小区,36069.0
2121,滨康二苑,37792.0
2122,滨康小区,39405.166666666664
2123,滨文苑,30468.833333333332
2124,滨水名庭,26102.4
2125,滨江万家名城一期,45605.181818181816
2126,滨江万家名城二期,48424.25
2127,滨江东方海岸(萧山),29571.470588235294
2128,滨江公寓,13597.75
2129,滨江凯旋门,100673.0
2130,滨江华家池,107674.0
2131,滨江华成大江之星,26059.833333333332
2132,滨江城市之星,81658.2
2133,滨江宝龙城市广场,26478.8
2134,滨江家园,55838.5
2135,滨江御江南,52623.5
2136,滨江德信东方星城,53245.666666666664
2137,滨江新城东方名府,34685.75
2138,滨江新希望新城未来海岸,25013.9
2139,滨江新苑,67688.53846153847
2140,滨江旭辉万家之星,51800.8
2141,滨江春盛大江名筑,15662.0
2142,滨江曙光之城,52002.545454545456
2143,滨江江南之星,58041.2
2144,滨江江南名府,52957.0
2145,滨江碧桂园翡翠江南,79361.2
2146,滨江紫金府,81639.0
2147,滨江西溪之星,67931.25
2148,滨江西溪明珠,88869.0
2149,滨江金色家园,106784.76923076923
2150,滨江金色江南,75140.8
2151,滨江金茂府,117391.25
2152,滨江铂金海岸,65301.5
2153,滨江锦绣之城,101961.5
2154,滨沁公寓,23586.375
2155,滨河公寓,43179.6
2156,滨湖天地,26544.0
2157,滨溪阳光家园A区,10794.0
2158,漾河人家,34343.5
2159,漾河公寓,30955.5
2160,潇湘公寓,24071.416666666668
2161,潘水南苑,31724.81818181818
2162,潘水苑,32007.14285714286
2163,潘水路285号,25087.0
2164,潜洲幸福里,9617.0
2165,潜洲街103号,7406.0
2166,潜阳府,10247.25
2167,潮人汇,19227.0
2168,潮王公寓,40287.0
2169,潮都华庭,19034.777777777777
2170,潮闻天下,23795.63157894737
2171,潮鸣苑,39849.0
2172,澜颂奥府,51229.6875
2173,澳海澜庭,17565.608695652172
2174,濮家东村,40455.61538461538
2175,濮家新村,43298.46153846154
2176,瀚府,29685.0
2177,火炬小区,28851.666666666668
2178,火药局弄29号,46844.0
2179,火药局弄49号,43479.0
2180,灵溪村高湾,6496.0
2181,熙晖府,77174.0
2182,燕子弄,42323.0
2183,燕语林森公寓,38458.7
2184,爱丁郡,39939.63636363636
2185,爱尚里,20713.0
2186,爱民路,20842.0
2187,爵士风情花园,26040.5625
2188,物华小区,45557.36363636364
2189,状元府,29597.25
2190,状元弄,36693.0
2191,狮虎桥路,60344.0
2192,玄坛弄,51370.0
2193,玉兔路小区,48229.0
2194,玉古路167.171号,73237.0
2195,玉皇山庄,81647.0
2196,玉都佳苑,21389.14285714286
2197,玉都枫景,32445.545454545456
2198,王家弄,82753.5
2199,王马巷,41371.0
2200,玖玖国际财富中心,18682.428571428572
2201,玫瑰苑,12585.0
2202,环东公寓,35327.71428571428
2203,环北新村,51023.333333333336
2204,环城东路16号,40149.0
2205,环城东路298-311号,35373.444444444445
2206,环城北路18-1号,11418.0
2207,环城北路六弄,37862.0
2208,环城西路66号,65435.0
2209,环城西路70号,76408.0
2210,环城西路96号,64024.333333333336
2211,环岛公寓,17665.5
2212,环西新村,65703.33333333333
2213,现代印象广场,19262.4375
2214,现代名苑,48571.555555555555
2215,现代家园,53814.0
2216,现代景苑,52005.22222222222
2217,现代肖邦,21496.0
2218,现代肖邦西区,20785.25
2219,现代雅苑,47676.0
2220,玲珑嘉苑,10672.0
2221,玲珑天城,31236.0
2222,玲珑府,38897.434782608696
2223,玲珑府园,16850.0
2224,玲珑花园,12723.56
2225,玲珑郡,16898.833333333332
2226,玺之湾,33187.96
2227,珠碧一弄12号,39835.5
2228,珠碧苑,45031.333333333336
2229,琅琴湾,23660.42105263158
2230,理想家园,25889.777777777777
2231,理想康城一品,34018.333333333336
2232,理想康城国际,30875.0
2233,理想西溪金座,24891.0
2234,理想银泰城,31277.8
2235,琴湖碧园,13915.0
2236,瑞丰格林苑,55042.0
2237,瑞城温莎郡,48279.95238095238
2238,瑞城熙园,62884.125
2239,瑞祺大厦,68282.0
2240,瑞立东方花城,56461.9
2241,瑞立中央花城,76085.89285714286
2242,瑞金华丽嘉苑,27861.14285714286
2243,瑞金华庭嘉苑,26039.85714285714
2244,瑞金华翠嘉苑,22772.0
2245,瑞麒佳苑,14175.272727272728
2246,瑞麒时代金座,24609.333333333332
2247,璞丽东方,32524.0
2248,瓶山公寓,21580.0
2249,生兴路,25472.0
2250,田园公寓,28759.428571428572
2251,田园河畔居,25903.0
2252,田园牧歌听泉苑,42326.5
2253,田园牧歌揽翠苑,39209.71428571428
2254,田园牧歌风禾苑,36490.142857142855
2255,田园牧歌麓云苑,50027.0
2256,田家桥,46303.0
2257,田逸之星,28490.0
2258,电信巷,32756.0
2259,畔湖路,14800.0
2260,畔湖路70-1号,13359.0
2261,畔湖路70号,13280.0
2262,留下街13号,31624.0
2263,留下街14号,34237.833333333336
2264,留下西苑,36456.0
2265,留和春天,37776.4
2266,留庄,62614.0
2267,登云阁,37034.8
2268,白云深处,68376.0
2269,白塔人家,41819.666666666664
2270,白水涧山庄,6503.5
2271,白泽弄,64100.0
2272,白荡海人家,69494.38461538461
2273,白荡海社区,87837.0
2274,白金海岸,60756.083333333336
2275,白马尊邸,45934.0
2276,白马湖小区凤凰苑,33025.0
2277,白马湖小区孔雀苑,33786.0
2278,白马湖小区白鹤苑,31269.0
2279,白马湖小区鸿雁苑,30706.0
2280,百合公寓,43874.0
2281,百合新城,24283.7
2282,百合社区,19925.5
2283,百合苑,21982.5
2284,百大绿城西子国际,36202.0
2285,百大花园,32903.0
2286,百姓弄小区,20874.5
2287,百家乐西园,49654.333333333336
2288,百富联合国际奥体之星,22352.285714285714
2289,百岁坊巷,58435.0
2290,百汇中心,26065.666666666668
2291,百盛春天公社,12506.0
2292,皇亲苑,58499.5
2293,皇城花苑,48836.0
2294,皇朝城市花园,48473.5
2295,皇诰巷,44075.0
2296,皮市巷,45761.0
2297,盈和清机大厦,32385.0
2298,盘龙山社区,22463.0
2299,盛世嘉园,30140.966666666667
2300,盛世钱塘,95691.14285714286
2301,盛元慧谷,44583.333333333336
2302,盛元蓝爵国际,47643.6
2303,盛奥西溪铭座,18017.6
2304,盛庐小区,38887.0
2305,盛德嘉苑,50729.25
2306,盛德欣苑,46390.5
2307,盛泰名都中心,16197.555555555555
2308,盛泰名都公寓,31501.352941176472
2309,盛泰时代山,17175.222222222223
2310,盛都苑,14932.8
2311,盛雅公寓,21601.0
2312,直吉祥巷,50439.0
2313,直大方伯,35850.0
2314,直戒坛寺巷,64512.0
2315,直箭道巷,39437.666666666664
2316,相墅花园,23885.0
2317,相寓,24953.0
2318,省水利厅宿舍,50059.5
2319,省规划局宿舍,37994.0
2320,睦泽苑东区,21624.0
2321,睦泽苑西区,19999.0
2322,知稼苑,25524.166666666668
2323,石匠弄,46976.0
2324,石板巷,38230.0
2325,石板巷新村,38533.0
2326,石桥设计二院,33146.583333333336
2327,石榴派,32214.333333333332
2328,石油公寓,18922.0
2329,石灰坝8号,37954.0
2330,石灰桥新村,84766.65
2331,石镜街,13417.0
2332,石镜街555号,11739.0
2333,碧云阁,19952.25
2334,碧佳公寓,18109.0
2335,碧天家园,22063.0
2336,碧景园,35683.5
2337,碧桂园东旭府,25300.8
2338,碧桂园中梁凤朝鸣庭,20771.6
2339,碧桂园天麓府,29460.0
2340,碧桂园玖晟府,20196.714285714286
2341,碧桂园珑悦,64528.125
2342,碧桂园西江月,77209.66666666667
2343,碧桂园越溪府,20097.0
2344,碧桂园金科尚合府,38142.0
2345,碧桂苑,13991.32142857143
2346,碧水豪园,45400.705882352944
2347,碧秀名庭,26317.0
2348,社坛巷,52817.0
2349,社坛苑,49228.0
2350,祠堂巷,50341.0
2351,祥和人家,31758.0625
2352,祥和嘉苑,14188.0
2353,祥生云浦新语,52147.2
2354,祥生群贤府,32244.0
2355,祥盛家园,22983.0
2356,福临花苑,31074.14285714286
2357,福利新村,47364.333333333336
2358,福田假日之约山庄,27040.5
2359,福田花园,27739.8
2360,福雷德广场,25728.041666666668
2361,福雷德广场艾肯金座,14069.857142857143
2362,福鼎家园,37118.0
2363,禹洲滨之澜苑,47436.666666666664
2364,禹航商城,32181.666666666668
2365,秀月家园桂月苑,35461.0
2366,秀里华庭,40571.0
2367,秋实宸悦,24888.0
2368,秋月社区,20009.304347826088
2369,秋水苑,47396.666666666664
2370,秋水览山,10519.90909090909
2371,秋涛北路30号,52165.0
2372,秋涛北路322号,32589.0
2373,秋涛南苑,65581.33333333333
2374,秋涛雅苑,40389.0
2375,科嘉苑,26926.6
2376,科尔世纪外滩,32454.055555555555
2377,科尔南城嘉园,21683.444444444445
2378,科技新村,47334.666666666664
2379,秦望佳苑,23763.0
2380,积善坊巷,43250.5
2381,积家,35894.25
2382,稻香园北区,41520.6
2383,稻香园南区,41887.0
2384,窑山花园,17693.666666666668
2385,窑背巷6号,78081.0
2386,竞潮江南院,44888.0
2387,竹径云山,49060.0
2388,竹径云山二期,49173.25
2389,竹林家园,14556.5
2390,竹林寺,28008.2
2391,竹林风华,17207.666666666668
2392,竹海水韵,32599.689655172413
2393,竹海水韵春风里,34559.730769230766
2394,竹海水韵竹邻间,29006.285714285714
2395,竹海雅苑,15823.0
2396,竹涛翠和人家,11931.0
2397,笕桥花苑,29358.0
2398,筑境花园,15899.40579710145
2399,米兰公寓,48364.0
2400,米市巷,40743.0
2401,米市新村,40540.0
2402,粮食局宿舍,13502.0
2403,精欧荣寓,28473.4
2404,紫云山庄,24204.906666666666
2405,紫兰花苑,18509.5
2406,紫林公寓,85181.75
2407,紫桂花园,63299.5625
2408,紫欣华庭,19482.85714285714
2409,紫润国际,27423.0
2410,紫玉福邸,53138.0
2411,紫祥公寓,24445.5
2412,紫竹人家,32812.26666666667
2413,紫竹苑,16594.0
2414,紫花苑,45733.0
2415,紫荆家园,48590.63636363636
2416,紫荆欣苑,79987.0
2417,紫薇公寓,42625.75
2418,紫金公寓,44413.90909090909
2419,紫金庭园,52463.230769230766
2420,紫金文苑,60197.0
2421,紫金观巷,42760.75
2422,红垦小区,24697.5
2423,红杉雅园,25274.0
2424,红枫小区,29973.125
2425,红枫苑,40989.0
2426,红石中央花苑,58063.0
2427,红石公寓,47786.2
2428,红石商务大厦,25834.0
2429,红联九漾华庭▪东区,22014.0
2430,红联九漾华庭西区,22439.333333333332
2431,红苹果家园,31283.727272727272
2432,红街公寓,39382.708333333336
2433,红街天城公寓,19997.5
2434,绅园,26148.0
2435,绍兴新村,35550.625
2436,经建绅世郡园,25242.666666666668
2437,经纬御贤府,25229.0
2438,经纬玲珑家园,20215.5
2439,经纬美耀湾,26762.88888888889
2440,经贸大楼,24906.0
2441,维元弄,45399.0
2442,绿园,97980.33333333333
2443,绿地华家池印,91795.25
2444,绿地旭辉城,71060.98837209302
2445,绿地艺尚府,26611.5
2446,绿城·七里香溪别墅园,50005.416666666664
2447,绿城·文西诚园,24021.966666666667
2448,绿城丁香公馆,20475.285714285714
2449,绿城之江1号,48483.71875
2450,绿城九龙仓柳岸晓风,118968.0
2451,绿城九龙仓桂语江南,84339.0
2452,绿城九龙仓钱塘明月,59397.833333333336
2453,绿城云杉郡,21554.322580645163
2454,绿城云栖桃花源,24139.75
2455,绿城伍重院,64193.0
2456,绿城兰园,50486.0
2457,绿城兰桂花园,55435.27272727273
2458,绿城和庐,81399.0
2459,绿城富春和园,31703.363636363636
2460,绿城巧园,51767.166666666664
2461,绿城建发沁园,97960.0
2462,绿城慧园,77864.8
2463,绿城明月江南,87707.5294117647
2464,绿城曼陀花园,39436.2
2465,绿城杨柳郡,58662.78571428572
2466,绿城桃李春风,43168.46153846154
2467,绿城桃源小镇,36879.37037037037
2468,绿城桃源小镇品霞苑,34546.0
2469,绿城桃源小镇观翠苑,91981.0
2470,绿城桃花源,27983.333333333332
2471,绿城深蓝广场,50604.0
2472,绿城玉兰公寓,46821.666666666664
2473,绿城玉兰花园,20613.95348837209
2474,绿城玉园,39388.666666666664
2475,绿城留香园,119440.6
2476,绿城紫桂公寓,26268.529411764706
2477,绿城翡翠湾,41898.75
2478,绿城莲园,31198.571428571428
2479,绿城蓝庭东区,25171.5
2480,绿城蓝庭西区,26759.814814814814
2481,绿城蓝色钱江,40008.0
2482,绿城西子紫兰公寓,71634.0
2483,绿城西子郁金香岸,34869.555555555555
2484,绿城西溪融庄,59185.3
2485,绿城财通中心,18695.444444444445
2486,绿城运河宸园,100876.75
2487,绿城运河郡,25958.2
2488,绿城钱王文化广场,19901.733333333334
2489,绿城青山湖红枫园,48684.6
2490,绿城风华苑,23310.423076923078
2491,绿岛花园,15273.0
2492,绿岛花园南区,13269.5
2493,绿洲之馨公寓,47360.0
2494,绿洲湾,55607.5
2495,绿洲花园,44215.6
2496,绿苑公寓,20282.0
2497,绿茵园小区,30495.0
2498,绿都世贸广场,26348.0
2499,绿都东澜府,29544.8
2500,绿都云和湖,50334.6
2501,绿都南江壹号,48573.0
2502,绿都嘉丰公馆,22491.428571428572
2503,绿都嘉华公馆,23760.0
2504,绿都嘉瑞华庭,34259.0
2505,绿都四季华庭,34516.22222222222
2506,绿都四季花城,35812.545454545456
2507,绿都御景蓝湾,28461.048387096773
2508,绿都汀蘭府,43049.0
2509,绿都泰富广场,11550.5
2510,绿都湖滨花园,39116.47619047619
2511,绿都玫瑰苑,19370.0
2512,绿都百瑞广场,23168.3
2513,绿都花园,21954.0
2514,绿都金域东方,27776.176470588234
2515,绿都鉴未来,39033.0
2516,绿野春天家园,28078.2
2517,绿野清风,30347.0
2518,缤纷北苑,47291.0
2519,缤纷小区,60556.333333333336
2520,缤纷西苑,40493.0
2521,缸甏弄,19666.5
2522,罗兰春天,34873.76470588235
2523,置鼎明珠1号,23034.75
2524,羊千弄,39875.0
2525,羊山公寓,24863.5
2526,羊血弄,47394.333333333336
2527,美丽湾,20946.6
2528,美之园东区,25544.15
2529,美之园西区,26826.36842105263
2530,美人堂弄,20429.333333333332
2531,美好桂花星城,26510.055555555555
2532,美好桂花星座,25874.0
2533,美好桂花溪园,28890.5
2534,美好桂花金座,22183.30769230769
2535,美政花苑,44541.68421052631
2536,美致生活广场,21308.27027027027
2537,美莱国际中心写字楼,21144.0
2538,美达浅草名苑,33528.63157894737
2539,美郡园,22948.8
2540,翁梅新苑二区,22422.0
2541,翠园路小区,18453.0
2542,翠紫苑,19015.35
2543,翠苑一区,46851.40909090909
2544,翠苑三区,41314.02777777778
2545,翠苑东二区,40480.57142857143
2546,翠苑东四区,41679.5
2547,翠苑二区,44351.818181818184
2548,翠苑五区,40856.07407407407
2549,翠苑佳居,43133.666666666664
2550,翠苑四区,41239.8
2551,翠苑四区南园,44152.0
2552,翠苑逸景湾,42034.0
2553,翡翠之星公寓,76606.33333333333
2554,翡翠城一期,41722.88888888889
2555,翡翠城三期,52919.63157894737
2556,翡翠城二期,43442.11111111111
2557,翡翠湾二期紫春庭,35446.0
2558,翰墨香林苑,31293.0
2559,翰林花园,52071.65517241379
2560,耀江文欣苑,73173.0
2561,耀江文萃苑,84445.25
2562,耀江文鼎苑,103791.98484848485
2563,耀江福村,52022.666666666664
2564,耀翔悦尚,44929.0
2565,耀达仁和印象,19249.0
2566,老浙大横路一弄,40994.0
2567,老浙大横路三弄,40518.0
2568,老浙大直路11-25号,41635.2
2569,联发藏珑大境,49063.28571428572
2570,联发藏珑玉墅,48847.666666666664
2571,联合世纪新筑,56556.0
2572,联合格里,32719.545454545456
2573,联合畔上居,38788.0
2574,联合麦田,16350.0
2575,联庄公寓,48362.0
2576,联珠里,42983.0
2577,联锦大厦,31842.0
2578,聚望名座,23118.0
2579,聚金商厦,19206.555555555555
2580,肖家弄,17863.6
2581,育才东苑,27663.894736842107
2582,育才西苑,28329.777777777777
2583,育秀园,26370.0
2584,胜利新村,84255.16666666667
2585,胜月院小区,36746.333333333336
2586,胜稼红星嘉园四区,26385.0
2587,胡姬花园,25294.166666666668
2588,胭脂新村,45470.333333333336
2589,至高钱塘一品,23612.6
2590,臻奥院,77568.04166666667
2591,艮园社区,42504.36363636364
2592,艮山上,38409.0
2593,艮山福居,42993.92307692308
2594,艮山西路,39212.0
2595,良景学府,30599.333333333332
2596,良渚十六街区,16833.333333333332
2597,良渚文化村七贤郡,33348.59459459459
2598,良渚文化村探梅里B,34950.88888888889
2599,良渚文化村春漫里,15651.5
2600,良渚文化村柳映坊一期,33627.333333333336
2601,良渚文化村柳映坊三期,37103.75
2602,良渚文化村柳映坊二期,34938.8
2603,良渚文化村白鹭郡东,34157.583333333336
2604,良渚文化村白鹭郡北,29107.615384615383
2605,良渚文化村白鹭郡南,36207.833333333336
2606,良渚文化村竹径茶语,31645.75
2607,良渚文化村阳光天际,46294.857142857145
2608,良渚花苑新村,22347.105263157893
2609,良熟新苑,21655.6
2610,艺尚里,27128.833333333332
2611,花园北村,68266.0
2612,花园北村1212宿舍,77636.0
2613,花园南村,87547.75
2614,花园西村,96775.0
2615,花圃铁路新村,57346.0
2616,花坞嘉苑,17837.0
2617,花城名苑,26002.333333333332
2618,芳满庭,57588.5
2619,苋浦社区,20775.521739130436
2620,苏家潭,28452.6
2621,苏黎士小镇,36850.88888888889
2622,苕溪人家,17519.0
2623,苕溪公馆,27608.033333333333
2624,苕溪南湖人家,28409.4
2625,英冠乐创城,29379.666666666668
2626,英冠天地,15049.0
2627,茂宸金座,43604.666666666664
2628,茶厂宿舍,59517.5
2629,茶啾弄,43462.0
2630,茶市新村,36626.5
2631,荀山花苑,18706.0
2632,荀庄,55972.71428571428
2633,荆山翠谷,28746.9
2634,荣华里,36443.6
2635,荣安望江南,80221.53846153847
2636,荣安柳岸闻莺,35284.25
2637,荣安翡翠半岛,28730.0
2638,荷花小区,21323.666666666668
2639,荷花池头,69959.0
2640,荷裕庭,19512.333333333332
2641,荷韵江南苑,25126.0
2642,莫干山路361号,83093.0
2643,莫干山路613号,63716.0
2644,莫干山路633号,59569.5
2645,莫干山路79号,82823.66666666667
2646,莫干山路90号,39960.0
2647,莫干山路94号,43969.0
2648,莫干巷,26630.0
2649,莫干新村,43423.5
2650,莫衙营,39966.0
2651,莱德绅华府,77555.5
2652,莱茵旺角七号,26425.333333333332
2653,莱茵知己,27818.29411764706
2654,莱蒙水榭山,33167.333333333336
2655,莱蒙水榭春天,83959.4705882353
2656,莲花公寓,22437.5
2657,莲花新村东区,42397.0
2658,莲花新村西区,45365.666666666664
2659,莲花港家园,46093.46666666667
2660,菜市路,20532.0
2661,萧山宝龙城市广场,19696.75
2662,萧山时代广场,28417.5
2663,萧杭人家,30359.0
2664,萧然东路456号,29418.0
2665,萧然之芯,27558.0
2666,萧然人家,27625.0
2667,萧然南路387号,34188.0
2668,萧绍路507号,24821.0
2669,葡萄园小区,14411.0
2670,董家弄,34897.57142857143
2671,董家新村,36385.5
2672,董家村住宅,35907.5
2673,蒋村花园如意苑,35835.0
2674,蓝城春风燕语,29789.0
2675,蓝天公寓,35680.28571428572
2676,蓝天城市花园,39441.75
2677,蓝桥名苑,29168.8
2678,蓝桥景苑,30793.25
2679,蓝江公寓,41616.0
2680,蓝江四季晶品,22792.5
2681,蓝色嘉园,19870.5
2682,蓝色港湾,17966.473684210527
2683,蓝色霞湾,52632.0
2684,蓝钻天成,32998.28571428572
2685,蔚蓝公寓,63204.0
2686,蔚蓝国际大厦,22660.0
2687,藕花洲大街,18535.0
2688,藕花洲大街西段623号,14269.0
2689,藕花苑,20214.0
2690,虎山社区,19719.0
2691,虎山雅苑,18521.166666666668
2692,蚕花园永兴坊,28137.0
2693,蚕花园永和坊,30070.333333333332
2694,蚕花园永宁坊,31577.0
2695,蚕花园永安坊,34338.3
2696,蚕花园永庆坊,31526.863636363636
2697,融信学院府,75689.66666666667
2698,融信杭州公馆,85059.9
2699,融信永兴首府,40408.71428571428
2700,融信江南学府,42534.181818181816
2701,融信沐澜,48502.0
2702,融信澜天,49669.846153846156
2703,融信萧山公馆,47011.166666666664
2704,融信蓝孔雀,72516.4
2705,融信远洋厘望轩,94549.5
2706,融创东南海,30203.333333333332
2707,融创华奥时代奥城,92268.42857142857
2708,融创印时代,17516.0
2709,融创宜和园,90612.0
2710,融创富春壹号院,34157.0
2711,融创微风之城,20482.905660377357
2712,融创望海潮,48781.0
2713,融创杭州印,32702.914285714287
2714,融创森与海之城,10636.888888888889
2715,融创河滨之城水澜轩,85205.75
2716,融创河滨之城雨澜轩,89181.42307692308
2717,融创溪涧堂,62418.75
2718,融创玖樟台,60657.666666666664
2719,融创瑷颐湾,44690.07142857143
2720,融创瑷骊山,40141.48387096774
2721,融创金成未来海,46446.0
2722,融创金成江南府,38761.11111111111
2723,融创金成臻蓝府,44020.0
2724,融创金成英特学府,40891.94736842105
2725,融创金成西溪海,43684.14634146341
2726,衣锦人家,15454.75
2727,衣锦街406号,16566.0
2728,衣锦街545号,11821.0
2729,袁井巷,42455.0
2730,裕兴院,38010.0
2731,裕园公寓,27817.777777777777
2732,裕达大厦,38607.0
2733,褐石公馆,15997.5
2734,西中圣和花园,29782.5
2735,西之望府,24330.64285714286
2736,西园凤都苑,35455.5
2737,西城时代家园,34617.03571428572
2738,西塘花苑,29259.454545454544
2739,西墅保锦苑,17543.5
2740,西墅绿洲,19253.777777777777
2741,西墅花园,15498.5
2742,西墅街286号,23053.0
2743,西墅锦园,17957.8
2744,西子三水公寓,11440.444444444445
2745,西子铭苑,69311.0
2746,西子阳光星城,10326.0
2747,西小河小区,15910.142857142857
2748,西小河街353号,16298.0
2749,西山公寓,23953.14285714286
2750,西房余杭公馆,45673.0
2751,西房拱宸外滩,33947.61538461538
2752,西文东苑,40167.0
2753,西文南苑,39068.666666666664
2754,西林人家,14371.0
2755,西江塘小区,14483.0
2756,西河公寓,23996.0
2757,西泠花苑,48664.0
2758,西湖区教师公寓,42103.0
2759,西湖大道261、263、265号,59922.0
2760,西湖定安名都,109623.0
2761,西湖家园,35417.0
2762,西湖新城,42544.5
2763,西湖花园,44931.0
2764,西湖花园南苑,36538.0
2765,西湘公寓,28922.0
2766,西溪乐天城,20739.666666666668
2767,西溪八方城,28919.176470588234
2768,西溪公寓,69849.0
2769,西溪北苑北区,34247.0
2770,西溪十九府,29647.666666666668
2771,西溪华东园,43523.22222222222
2772,西溪名园,76033.8
2773,西溪君庐,52500.0
2774,西溪天堂悦居,42638.5
2775,西溪山庄泊恩郡,62479.0
2776,西溪山庄麓云苑,52073.0
2777,西溪庭院,30161.0
2778,西溪新城市,51296.666666666664
2779,西溪晴雪,48043.1
2780,西溪曼哈顿,18578.666666666668
2781,西溪望庄,32043.0
2782,西溪永乐城,44584.0
2783,西溪河下76号,76279.0
2784,西溪河东,100380.35714285714
2785,西溪泊岸,19473.5
2786,西溪玫瑰,78609.0
2787,西溪花园流芳苑,43264.0
2788,西溪花城,29017.0
2789,西溪蓝海,38843.1
2790,西溪蝶园一期,71492.85714285714
2791,西溪蝶园二期,76976.45833333333
2792,西溪诚园守纯苑,87947.8
2793,西溪诚园明礼苑,40960.0
2794,西溪诚园正信苑,88923.6
2795,西溪诚园知敬苑,89577.33333333333
2796,西溪诚园致诚苑,91948.0
2797,西溪路22-97号,75660.5
2798,西溪路403号,71716.0
2799,西溪锋尚苑,26201.875
2800,西溪雅苑,30268.0
2801,西田公馆,23623.0
2802,西苑小区,19360.666666666668
2803,西苑小区(临安),13508.666666666666
2804,西苑小区(西湖),52734.0
2805,西荡苑杏苑,49577.5
2806,西荡苑桃苑,49462.0
2807,西荡苑梨苑,47969.181818181816
2808,西鉴枫景,55512.6
2809,西铭苑,50262.5
2810,西雅园,15930.857142857143
2811,观唐花园,15227.0
2812,观巷,61996.142857142855
2813,观澜时代云邸苑,27308.97619047619
2814,观邸国际,41260.09090909091
2815,观音堂路102号,45480.0
2816,观音塘小区,43141.0
2817,观音桥小区,29921.0
2818,解放路213号,46222.0
2819,诚盛天际湾,21785.0
2820,豆腐巷,61487.0
2821,豪景城,19707.0
2822,豪曹巷,46905.0
2823,豪波西溪润景,25682.375
2824,贝利保元泽第,25254.333333333332
2825,贝利栖溪公馆,23808.333333333332
2826,贝利栖溪望府,20654.75
2827,贝利珑昕泽第,21747.25
2828,贡院,47083.333333333336
2829,财和湘域湾,36126.4
2830,财富商厦,26715.25
2831,贤明府,10949.0
2832,贺田尚城,43452.47222222222
2833,贾家弄,38870.5
2834,赛丽绿城丽园,76643.0
2835,赞成乐山红叶,35262.3125
2836,赞成岭上花苑,30710.125
2837,赞成杭家,27922.222222222223
2838,赞成林风映水苑,104350.0
2839,赞成林风沁林苑,106757.33333333333
2840,赞成檀府,24902.043478260868
2841,赞成美树,32423.315789473683
2842,赞成良著壹号院,36792.0
2843,赞成赞城,29247.2
2844,赞成首府,24580.055555555555
2845,赞成香颂一期,26216.133333333335
2846,赞成香颂二期,28647.833333333332
2847,赞成龙兴道一号,25911.625
2848,赵家弄(余杭),21190.0
2849,赵家弄(萧山),27071.0
2850,超级星期天,25864.162790697676
2851,越秀亲爱里,52345.0
2852,越秀星悦城,24264.631067961163
2853,越秀星汇尚城,40207.375
2854,越秀星汇悦城,40573.625
2855,越秀景瑞悦见山,29640.555555555555
2856,越美园,11802.5
2857,路劲远洋江南院子,39495.75
2858,转塘直街小区,43182.0
2859,达盟山庄商务公寓,54735.5
2860,过军桥河下,47218.5
2861,迎宾花苑,23818.0
2862,迎宾苑镬子山庄迎宾苑,19034.25
2863,迎宾路158-1号,17363.0
2864,迎宾路158号,23170.0
2865,迎春东苑小区,51589.0
2866,迎春北苑,46489.5
2867,迎春南苑,47611.666666666664
2868,迎春小区,61698.8
2869,运动新村,16448.0
2870,运新花苑二区,76712.0
2871,运河万科中心,32224.0
2872,运河东苑,38046.57142857143
2873,运河天城国际,48720.0
2874,运河玲珑香榭,18347.46153846154
2875,近江家园一园,63261.666666666664
2876,近江家园七园,57236.25
2877,近江家园九园,62857.0
2878,近江家园二园,67004.5
2879,近江家园五园,66116.2
2880,近江家园八园,60779.0
2881,近江家园六园,62385.75
2882,近江家园四园,65519.0
2883,近江苑,51960.0
2884,进修弄,20858.0
2885,远东新月公寓,47064.0
2886,远大花园,47664.875
2887,远大金地中心,18619.0
2888,远洋万和四季,47489.0
2889,远洋公馆,79757.6
2890,远洋公馆绿园,100259.0
2891,远洋大河宸章,97584.75
2892,远洋山水花园,15444.75
2893,远洋心里,38905.28571428572
2894,远洋招商上塘宸章,64649.666666666664
2895,远洋西溪公馆,49042.42307692308
2896,远洋路劲上河宸章,33533.96296296296
2897,远洋香奈,37289.666666666664
2898,远顺大厦,8006.0
2899,迪凯运河印象,25894.777777777777
2900,通和十二橡树,24842.833333333332
2901,通和戈雅公寓,29842.24074074074
2902,通和都市枫林,31080.727272727272
2903,通怡花苑,30590.0
2904,通惠丽港,24507.777777777777
2905,通江桥高层小区,40604.0
2906,通济路1-12号,26166.0
2907,通盛嘉苑,43806.0
2908,通策广场,37948.454545454544
2909,通达小区,30135.0
2910,逸仙路,17962.0
2911,逸品明珠花苑,28886.0
2912,逸城,19893.35632183908
2913,逸居城,29391.69230769231
2914,遂安路,84537.0
2915,遥祥寺巷,56127.0
2916,邮政公寓,59903.0
2917,邮电新村,88592.85714285714
2918,邮电路16-38号,81161.0
2919,邱山公寓,17632.5
2920,邱山大街114-755号,20777.81818181818
2921,邱山大街344号-1,21019.0
2922,邱山小区,21399.75
2923,郡亭公寓,34317.666666666664
2924,郡原九润公寓,37307.71428571428
2925,郡原列岛花园,33869.0
2926,郡原相江公寓,42696.52631578947
2927,郡望府,33858.0
2928,郡枫绿园东区,31284.625
2929,郡枫绿园西区,32843.5
2930,郡楓华庭,68087.5
2931,郦城公寓,21760.5
2932,都会艺境,36060.5
2933,都市春天,14458.666666666666
2934,都市水乡水映苑,36355.27777777778
2935,都市水乡水曲苑,33472.5
2936,都市水乡水月苑,32171.6
2937,都市水乡水涟苑,31432.333333333332
2938,都市水乡水清苑,32763.0
2939,都市水乡水滟苑,33098.916666666664
2940,都市水乡水秀苑,34971.181818181816
2941,都市港湾,16776.0
2942,都市知音,20826.285714285714
2943,都市阳光乐苑,32187.75
2944,都市阳光华苑,33059.6
2945,都市阳光和苑,32932.1
2946,都市阳光嘉苑,31456.70588235294
2947,醋坊新村,40499.0
2948,采荷东区,56399.25
2949,采荷人家,57958.166666666664
2950,采荷大厦,37942.0
2951,采荷小区洁莲邨,58022.333333333336
2952,采荷小区玉荷邨,57694.0
2953,采荷小区紫藕邨,61482.25
2954,采荷小区红菱邨,58471.142857142855
2955,采荷小区翠柳邨,60773.5
2956,采荷小区芙蓉邨,58915.25
2957,采荷小区金谷邨,54738.5
2958,采荷小区青莼邨,48244.0
2959,采荷新村,56778.38461538462
2960,采荷绿萍,44899.333333333336
2961,采荷街道商教苑社区,54895.0
2962,采荷路33号,52388.0
2963,里东山弄,79103.0
2964,里河公寓,17798.0
2965,野风启城,21294.967741935485
2966,野风山城·泰禾里,21486.5
2967,野风春晓,22681.48780487805
2968,野风海天城,29256.53846153846
2969,野风现代中心,21662.0
2970,野风珑园,26461.285714285714
2971,野风秋雅,22644.444444444445
2972,金世纪红枫苑,20564.4
2973,金世纪运河丽园,19027.444444444445
2974,金典家园,34150.0
2975,金凌花园,14037.461538461539
2976,金厦公寓,35472.166666666664
2977,金地天逸,55410.92857142857
2978,金地广场,26582.85714285714
2979,金地德圣中心,27693.333333333332
2980,金地格林格林,33061.95
2981,金地玖峯汇,52979.333333333336
2982,金地繁华里,52035.375
2983,金地自在城东苑,55634.9
2984,金地自在城乐活湾,45174.0
2985,金地自在城悦活轩,45636.07142857143
2986,金地自在城林溪里,55667.82352941176
2987,金地自在城栖霞居,55739.153846153844
2988,金地自在城求学里,55736.625
2989,金地自在城玛瑙湾,54343.4
2990,金地自在城鹭影轩,60303.782608695656
2991,金地艺境东区,30160.285714285714
2992,金地艺境西区,30760.125
2993,金地西溪风华,72762.5
2994,金地都会钱塘东区,32509.090909090908
2995,金城华府,16557.6
2996,金城花园,21250.909090909092
2997,金城阳光苑,18632.0
2998,金域三江,23927.5
2999,金域兰庭,27007.04761904762
3000,金基晓庐,92828.85714285714
3001,金基青云山居,43479.0
3002,金宇彩虹嘉都,17369.96875
3003,金家桥公寓,23657.0
3004,金家花园,6839.0
3005,金岸提香,30754.5
3006,金峰大厦,25824.0
3007,金帝文源广场,21555.5
3008,金帝柠檬公寓,29357.8
3009,金帝海珀一期,28961.533333333333
3010,金帝海珀二期,28561.77142857143
3011,金帝金色钱塘,36858.57777777778
3012,金帝高新科技广场,23425.0
3013,金庆公寓,67992.5
3014,金成花园,54455.61538461538
3015,金昌春和钱塘,69622.26086956522
3016,金星桃源居,31147.285714285714
3017,金桥社区,19831.0
3018,金桥花苑,24269.11111111111
3019,金棕榈花园,50904.857142857145
3020,金欣公寓,48950.5
3021,金汇之星,29259.0
3022,金汇首府,28567.8
3023,金沙公寓,24352.0
3024,金沙国际,15575.307692307691
3025,金沙学府,36530.9
3026,金沙居,14182.34375
3027,金沙湖1号,25680.238095238095
3028,金浦明苑东区,26875.0
3029,金浦明苑西区,28521.75
3030,金海公寓,41293.28571428572
3031,金源公寓(余杭),29034.75
3032,金源公寓(西湖),30092.9
3033,金牛坊,58319.5
3034,金牛铭座,25768.0
3035,金狮苑,43280.42857142857
3036,金瑞城市风景,73300.5
3037,金瑞大厦,27442.0
3038,金田花园,41373.958333333336
3039,金盛曼城,38788.77142857143
3040,金盾花园,12784.0
3041,金石华城,21960.2
3042,金祝新村,86809.33333333333
3043,金祝花园,76602.0
3044,金祝西路13号,74199.0
3045,金禾嘉园,13499.75
3046,金禾嘉苑,29538.5
3047,金秋花园,38676.42857142857
3048,金箭公寓,20178.333333333332
3049,金色和庄,24413.75
3050,金色时代,20860.444444444445
3051,金色蓝庭,71058.14285714286
3052,金色黎明一期,47167.76470588235
3053,金色黎明三期,50526.0
3054,金色黎明二期,51021.8125
3055,金苑山庄,62363.666666666664
3056,金街美地,22883.0
3057,金衙庄公寓,48281.0
3058,金辉久尚云筑,30722.0
3059,金辉紫雅云邸,47656.375
3060,金辉贤林信步,38168.0
3061,金逸雅苑,17393.0
3062,金都华府,70134.0
3063,金都华庭,54267.545454545456
3064,金都城市芯宇,82731.33333333333
3065,金都夏宫,26756.641304347828
3066,金都新城,42481.88888888889
3067,金都梧桐苑,29624.6
3068,金都花园,43758.57142857143
3069,金都西花庭,40451.46666666667
3070,金都铭苑,24626.0
3071,金都雅苑,33033.2
3072,金铂湾,29889.757575757576
3073,金阳湾,22803.0
3074,金隅中铁诺德都会森林,78716.33333333333
3075,金隅田员外,30399.14285714286
3076,金隅空港公馆,15206.813953488372
3077,金隅观澜时代天筑,28852.862068965518
3078,金隅观澜时代朗轩,30509.020833333332
3079,金隅观澜时代瀚庭,28970.3
3080,金隆花园,35625.2
3081,金雅苑社区,29492.0
3082,金马公寓,24715.5
3083,金马同盛,23500.0
3084,金马名仕园,25939.0
3085,金鹿雅园,64992.0
3086,金鼎华庭一期,23985.5
3087,金鼎阳光公寓,25895.0
3088,金龙大厦,21688.7
3089,鑫福浦园,26512.4
3090,鑫运时代金座,31622.0
3091,钛合国际,22823.0
3092,钱塘ONE,33332.142857142855
3093,钱塘名都,56961.0
3094,钱塘大观,46178.142857142855
3095,钱塘帝景,65402.27272727273
3096,钱塘春晓,56517.40909090909
3097,钱塘春晓大厦,30776.5
3098,钱塘景苑,45467.642857142855
3099,钱塘梧桐蓝山,29943.684210526317
3100,钱塘滨和花园,55688.0
3101,钱塘玫瑰湾,50591.166666666664
3102,钱塘航空大厦,22728.0
3103,钱塘雅苑,47137.0
3104,钱江七苑,63634.0
3105,钱江三苑,75529.66666666667
3106,钱江之江新天地,18970.0
3107,钱江四苑东区,63796.0
3108,钱江国际商务中心,27861.0
3109,钱江国际时代广场,25273.666666666668
3110,钱江彩虹府,51096.5
3111,钱江御府,114156.0
3112,钱江新村一区,25563.0
3113,钱江时代公寓,61526.42857142857
3114,钱江水晶城,70693.16666666667
3115,钱江水晶澜轩,104323.0
3116,钱江湾花园,44008.82142857143
3117,钱江苑,51982.333333333336
3118,钱江西溪和景,39973.0
3119,钱潮花园,33186.2
3120,钱王大街1598号,13660.0
3121,钱王新村,12709.333333333334
3122,钱王街288号,12098.0
3123,钱王街767/769号,12633.0
3124,钱王街780号,13148.0
3125,钱王街840号,14010.0
3126,钱盛商厦梦公馆,21196.333333333332
3127,钱神花苑,23691.0
3128,钱锦花园,16907.533333333333
3129,钱龙名汇公馆,24903.333333333332
3130,钼铁矿宿舍,25018.0
3131,铁岭花园,35201.0
3132,铁建万科江湾城,28013.1875
3133,铁流公寓,22265.0
3134,铁路新村,87089.0
3135,铂悦轩,13983.0
3136,铂瑞悦府,43976.0
3137,铂金名筑,46518.625
3138,铂金时代公寓,58462.1875
3139,铭和苑探梅坊,26765.636363636364
3140,铭和苑新荷坊,28196.0625
3141,铭和苑柳翠坊,26754.090909090908
3142,铭和苑桂雨坊,26718.238095238095
3143,铭雅苑东区,31838.47619047619
3144,铭雅苑西区,29761.0
3145,铭鹤花园,23074.25
3146,银城青山湖畔,27347.0
3147,银杏汇,97466.5
3148,银枪新村,47583.0
3149,银河商务中心,22056.0
3150,银河商务公馆,16588.0
3151,银河嘉园,45631.0
3152,银河小区,29933.176470588234
3153,银泰海威国际,64918.0
3154,银湖花苑,19215.85714285714
3155,银爵世纪公寓,39039.857142857145
3156,银色港湾公寓,48025.83870967742
3157,银都公寓,12811.0
3158,银马公寓,92138.25
3159,锦南人家,14590.333333333334
3160,锦南公寓,12551.5
3161,锦南新村,13741.5625
3162,锦园小区,39416.77777777778
3163,锦城公寓,10115.0
3164,锦城新天地购物广场,18352.0
3165,锦城街道景杉路791号,12068.0
3166,锦城镇城中街227号,13579.0
3167,锦天城市花园,13579.666666666666
3168,锦天花园,11416.75
3169,锦尚唐宁郡,17264.727272727272
3170,锦峰公寓,13583.0
3171,锦昌年华,29645.83870967742
3172,锦昌文华城,20776.25
3173,锦昌文华苑,60591.0
3174,锦桥家园,18382.0
3175,锦桥路65号,11154.0
3176,锦江公寓,15539.0
3177,锦江半岛,30791.666666666668
3178,锦江路,12076.0
3179,锦润公寓,45009.0
3180,锦溪优樾府,20673.6
3181,锦溪公寓,15684.0
3182,锦福新村,13042.0
3183,锦竹苑,14495.5
3184,锦绣兰庭(临安),15368.8
3185,锦绣兰庭(富阳),23308.0
3186,锦绣家园,53445.0
3187,锦绣山水苑,15350.153846153846
3188,锦绣文澜阁,63989.0
3189,锦绣新村,41190.333333333336
3190,锦绣时代中心,16626.0
3191,锦绣江南,60599.0
3192,锦绣钱塘,35641.09090909091
3193,锦良嘉苑一区,23462.0
3194,锦良嘉苑三区,23046.0
3195,锦花苑,47503.42857142857
3196,锦都世家,51450.6
3197,锦都嘉园,12271.42857142857
3198,镇东楼,36886.0
3199,镜瑞弄,57408.0
3200,镬子山社区,23534.0
3201,长乐北苑,44996.333333333336
3202,长乐路20弄,45043.0
3203,长兴苑小区,32937.5
3204,长坡里,45084.0
3205,长堤明苑,32675.88888888889
3206,长宁街,46028.333333333336
3207,长岗家园,18068.0
3208,长岛绿园,26672.0
3209,长庆街,44663.333333333336
3210,长庆里,41006.166666666664
3211,长征新村,38849.5
3212,长征桥路48弄,40261.666666666664
3213,长德公寓,35001.0
3214,长明寺巷小区,43073.0
3215,长春路,10600.0
3216,长木新村,38742.666666666664
3217,长板里,36606.0
3218,长江中路160号,34740.0
3219,长江小区,37840.28571428572
3220,长江西苑,37535.666666666664
3221,长河商厦,22398.714285714286
3222,长睦家苑,26497.25
3223,长睦邻里人家东苑,25452.0
3224,长睦邻里人家西苑,27961.0
3225,长睦锦苑,24514.666666666668
3226,长虹苑,40277.0
3227,长青嘉苑,29653.222222222223
3228,闲林山水丹枫苑,31287.428571428572
3229,闲林山水木兰苑,25670.25
3230,闲林山水梅兰苑,30634.0
3231,闲林山水海棠苑,25813.714285714286
3232,闲林山水紫薇苑,32318.363636363636
3233,闸弄口东村,37271.0
3234,闸弄口新村,37294.25
3235,闸弄口新苑,37573.0
3236,闸弄口铁路宿舍,37142.5
3237,闻皇庙社区,38239.666666666664
3238,阔板桥社区,29375.333333333332
3239,阮家居,46257.0
3240,阳光华城华景园,42754.555555555555
3241,阳光华城华翠园,44294.6
3242,阳光华庭,25442.0
3243,阳光地带花园,70950.57142857143
3244,阳光地带西区,59604.0
3245,阳光城上府,48292.642857142855
3246,阳光城上林湖,29868.55
3247,阳光城山水悦江府,26800.6
3248,阳光城悦景湾,26887.46153846154
3249,阳光城文澜府,78896.0
3250,阳光城普升,39612.357142857145
3251,阳光城未来悦MAX,74872.0
3252,阳光城檀悦,81363.83333333333
3253,阳光城翡丽湾,37224.92857142857
3254,阳光城西郊半岛,22233.531914893618
3255,阳光花园,76977.33333333333
3256,阳光苑,13510.666666666666
3257,阳光逸城,28774.11111111111
3258,阳光郡,48269.90476190476
3259,阳光里,23234.8
3260,阳光银泰城,22757.0
3261,陆家桥新苑,21713.0
3262,隆和府,46934.0
3263,随塘,35668.0
3264,隐龙湾,17973.666666666668
3265,雅仕苑,56339.34782608696
3266,雅兰公寓,38185.0
3267,雅居乐国际花园,31123.131147540982
3268,雅戈尔御西湖,113372.0
3269,雅棠轩,37623.0
3270,雍和府,51023.0
3271,雍景湾(拱墅),72108.0
3272,雍景湾(萧山),29640.0
3273,雍澜府,25198.25
3274,雍熙山庄,33062.555555555555
3275,雍荣华庭,59832.5
3276,雨润星雨华府,16714.444444444445
3277,雷威沁园,19550.4
3278,霞湾巷小区,45391.0
3279,青六商务大厦,12092.333333333334
3280,青园小区,49122.0
3281,青城嘉园,14650.5
3282,青城山语间,34533.25
3283,青山印象府,22787.70909090909
3284,青山湖玫瑰园,56255.857142857145
3285,青山鹤岭,20535.186274509804
3286,青年路小区,45573.166666666664
3287,青春坊,45957.6
3288,青春都市公寓,58629.0
3289,青枫墅园,50286.0
3290,青枫墅园三期,47910.90243902439
3291,青枫墅园二期-鹭语阁排屋,82011.57142857143
3292,青莎阁,50527.0
3293,青蓝雅苑,5325.0
3294,青龙公寓,15710.0
3295,静安花苑,44539.75
3296,静怡花苑,41018.75
3297,韩家弄,25984.0
3298,顺发吉祥半岛,73832.5
3299,顺发和美家,71936.8
3300,顺发堤香,45308.166666666664
3301,顺发康庄,34499.90909090909
3302,顺发恒园,56170.0
3303,顺发旭辉国悦府,52625.333333333336
3304,顺发旺角城,45409.6
3305,顺发旺角城二期,46492.5
3306,顺发江南丽锦,59587.333333333336
3307,顺发美哉美城,85407.4375
3308,顺昌花园,17713.153846153848
3309,顺达丁香苑,16298.8
3310,顺达花苑东区,19445.14285714286
3311,顺达花苑西区,19443.333333333332
3312,领骏世界,29196.166666666668
3313,颐和山庄,22412.73076923077
3314,颐和花园,30423.85714285714
3315,颐景园,51714.23529411765
3316,颐景山庄,25569.884615384617
3317,风尚蓝湾,20060.060606060608
3318,风情街小区,24373.75
3319,风景大院,73524.0
3320,风景蝶院留园,37568.416666666664
3321,风清苑,20118.0
3322,风雅乐府,48137.6
3323,风雅钱塘,61894.0
3324,飞虹丁香花园,23741.9375
3325,飞鸟客,33795.875
3326,首开·德胜上郡,41758.818181818184
3327,首开东城金茂府,71181.66666666667
3328,首开国风美域,49251.5
3329,首开望宸,42916.46153846154
3330,首开杭州金茂府,90013.5
3331,香吉公寓,37057.0
3332,香山人家,25302.666666666668
3333,香山四季公馆,14968.666666666666
3334,香格名苑,20340.0
3335,香榭里花园,28613.18181818182
3336,香樟公寓,51460.04
3337,香樟名苑,16396.5
3338,香洲里,67339.0
3339,香港兴业耦园,73189.0
3340,香源公寓,37092.0
3341,香溢公寓,13074.0
3342,香溢花园,18104.5
3343,香滨湾花园,33421.0
3344,香石公寓,57087.25
3345,马也美上,14890.0
3346,马塍路11号,94030.0
3347,马塍路13号,89886.33333333333
3348,马塍路16号,87536.0
3349,马塍路19号,94912.0
3350,马塍路29号,104183.0
3351,马塍路32号,92162.8
3352,马塍路33号,94896.0
3353,马塍路35号,103408.33333333333
3354,马塍路4号,69702.0
3355,马塍路8号,95850.5
3356,马家弄21.22.25号,36642.0
3357,马市街,43027.57142857143
3358,马溪东苑,14061.0
3359,马溪苑,16840.333333333332
3360,骆驼桥东河下,40705.0
3361,高官弄公寓,45169.0
3362,高教新村,81849.14285714286
3363,高桥小区,33871.0
3364,高沙百盛苑,24508.0
3365,高润云杉郡,27970.093023255813
3366,高第府,27063.6
3367,高运学林尚苑,47010.833333333336
3368,高运尚悦府,11290.5
3369,高运莱茵传奇,56329.88888888889
3370,高运锦园,34782.0
3371,高运高庄,30199.625
3372,鸡鹅市弄,21049.0
3373,鸥江公寓,57900.0
3374,鸿兴城巧克力公馆,17949.2
3375,鸿港华庭,20925.0
3376,鸿盛家园,16047.2
3377,鹳山社区,23319.0
3378,鹿山时代,25067.5
3379,麒麟街小区,61863.333333333336
3380,麓园,31373.44
3381,黄姑山小区,43190.0
3382,黄姑山庄,39447.0
3383,黄姑山路22号,36615.0
3384,黄工厂弄,38939.5
3385,黄醋园,39935.0
3386,黄金水岸,16846.0
3387,黄鹤山居,21158.533333333333
3388,黄龙公寓,42642.5
3389,黄龙金茂悦,70424.0
3390,黄龙雅苑,72627.4
3391,黎明园,44078.25
3392,鼎和金座,20716.5
3393,龙华巷4到11号,40870.333333333336
3394,龙发花园,25020.0
3395,龙山化工总厂厂区,35678.0
3396,龙沁城,20076.37837837838
3397,龙湖名景台一期,42919.5
3398,龙湖名景台二期,41883.71428571428
3399,龙湖天钜,51266.0
3400,龙湖旭辉春江悦茗,54857.8
3401,龙湖春江天玺,63824.125
3402,龙湖春江彼岸,84937.58181818182
3403,龙湖春江郦城,91003.11111111111
3404,龙湖武林九里,37888.71428571428
3405,龙湖水晶郦城,49877.15789473684
3406,龙湖江与城,31441.0
3407,龙湖滟澜山丽轩一期,39357.75
3408,龙湖滟澜山澜轩,40899.454545454544
3409,龙湖滟澜山茗轩南区三期,43478.0
3410,龙湖滟澜星座,23848.117647058825
3411,龙湖璟宸府,56933.25
3412,龙湖紫金上城,39450.0
3413,龙湖郦城公馆,40540.333333333336
3414,龙湖香醍溪岸,23137.26923076923
3415,龙王塘路,22015.0
3416,龙王塘路59号,24252.0
3417,龙王塘路81号,22421.0
3418,龙王塘路90号,19788.333333333332
3419,龙祥城市花园,26284.0
3420,龙禧boss港,18942.85
3421,龙禧大酒店,41473.066666666666
3422,龙翔•秋月苑,22675.0
3423,龙锦苑,4864.0
3424,龙门公寓,34501.0
